Workbook

Sheet DATA GAPOKTAN 
A1: DATA GABUNGAN KELOMPOK TANI (GAPOKTAN) KECAMATAN POTO TANO TAHUN 2026
A2: No | B2: Nama Desa | C2: Nama Gapoktan | D2: Nama Ketua | E2: Jumlah Anggota (Poktan) | F2: Alamat Sekretariat | G2: Tahun Pembentukan | H2: SK Pengukuhan | I2: Unit Usaha | J2: Status Operasional (Aktif/Tidak Aktif)
A3: 1 | B3: Senayan | C3: Mampis Rungan | D3: Jufriadi | E3: 1 | F3: Dusun Senayan Atas Desa Senayan Kec. Poto Tano | G3: 2007 | H3: - | I3: Simpan_pinjam | J3: Tidak Aktif | L3: =INDEX(desa!A:A,MATCH(B3,desa!B:B,0)) -> 5 | M3: GAPOKTAN | N3: =CONCATENATE("('",L3,";",C3,";",D3,";",E3,";",F3,";",G3,";",J3,";",M3,"'),") -> ('5;Mampis Rungan;Jufriadi;1;Dusun Senayan Atas Desa Senayan Kec. Poto Tano;2007;Tidak Aktif;GAPOKTAN'),
A4: 2 | B4: Mantar | C4: Olat Mantar | D4: Syafaruddin | E4: 0 | F4: Desa Mantar Kec. Poto Tano | G4: 2007 | H4: - | I4: Simpan Pinjam | J4: Tidak Aktif | L4: =INDEX(desa!A:A,MATCH(B4,desa!B:B,0)) -> 3 | M4: GAPOKTAN | N4: =CONCATENATE("('",L4,";",C4,";",D4,";",E4,";",F4,";",G4,";",J4,";",M4,"'),") -> ('3;Olat Mantar;Syafaruddin;0;Desa Mantar Kec. Poto Tano;2007;Tidak Aktif;GAPOKTAN'),
A5: 3 | B5: Kiantar | C5: Kiantar | D5: Alfian | E5: 1 | F5: Dusun Sagena Desa Kiantar Kec. Poto Tano | G5: 2008 | H5: - | I5: Saprodi | J5: Tidak Aktif | L5: =INDEX(desa!A:A,MATCH(B5,desa!B:B,0)) -> 1 | M5: GAPOKTAN | N5: =CONCATENATE("('",L5,";",C5,";",D5,";",E5,";",F5,";",G5,";",J5,";",M5,"'),") -> ('1;Kiantar;Alfian;1;Dusun Sagena Desa Kiantar Kec. Poto Tano;2008;Tidak Aktif;GAPOKTAN'),
A6: 5 | B6: UPT Tambak Sari | C6: Maju Bersama | D6: Ahmad | E6: 10 | F6: Desa UPT Tambak Sari Kec. Poto Tano | G6: 2008 | H6: - | J6: Tidak Aktif | L6: =INDEX(desa!A:A,MATCH(B6,desa!B:B,0)) -> 6 | M6: GAPOKTAN | N6: =CONCATENATE("('",L6,";",C6,";",D6,";",E6,";",F6,";",G6,";",J6,";",M6,"'),") -> ('6;Maju Bersama;Ahmad;10;Desa UPT Tambak Sari Kec. Poto Tano;2008;Tidak Aktif;GAPOKTAN'),
A7: 6 | B7: Kokarlian | C7: Kokar Makmur | D7: Samsul Arifin | E7: 5 | F7: Desa Kokarlian | G7: 2007 | H7: - | I7: Saprodi, simpan pinjam | J7: Tidak Aktif | L7: =INDEX(desa!A:A,MATCH(B7,desa!B:B,0)) -> 2 | M7: GAPOKTAN | N7: =CONCATENATE("('",L7,";",C7,";",D7,";",E7,";",F7,";",G7,";",J7,";",M7,"'),") -> ('2;Kokar Makmur;Samsul Arifin;5;Desa Kokarlian;2007;Tidak Aktif;GAPOKTAN'),
A8: 7 | B8: Tebo | C8: Tutu Ate | D8: A. Hamid Hasim | E8: 2 | F8: Desa Tebo | G8: 2010 | H8: - | I8: Simpan Pinjam | J8: Tidak Aktif | L8: =INDEX(desa!A:A,MATCH(B8,desa!B:B,0)) -> 7 | M8: GAPOKTAN | N8: =CONCATENATE("('",L8,";",C8,";",D8,";",E8,";",F8,";",G8,";",J8,";",M8,"'),") -> ('7;Tutu Ate;A. Hamid Hasim;2;Desa Tebo;2010;Tidak Aktif;GAPOKTAN'),
A9: 8 | B9: Tua Nanga | C9: Bangka Bela | D9: Saparuddin | E9: 1 | F9: Desa Tua Nanga | G9: 2010 | H9: - | I9: Simpan_pinjam | J9: Tidak Aktif | L9: =INDEX(desa!A:A,MATCH(B9,desa!B:B,0)) -> 8 | M9: GAPOKTAN | N9: =CONCATENATE("('",L9,";",C9,";",D9,";",E9,";",F9,";",G9,";",J9,";",M9,"'),") -> ('8;Bangka Bela;Saparuddin;1;Desa Tua Nanga;2010;Tidak Aktif;GAPOKTAN'),
A13: Deskripisi:
A14: - Gapoktan (Gabungan Kelompok Tani) adalah kumpulan beberapa Kelompok Tani yang bergabung dan bekerjasama untuk meningkatkan skala ekonomi dan efisiensi usaha. Kelembagaan Petani ditumbuhkembangkan untuk memenuhi kelayakan usaha skala ekonomi dan efisiensi usaha, sehingga berfungsi sebagai unit usaha penyedia sarana dan prasarana produksi, unit Usahatani/produksi, unit usaha pengolahan, unit usaha pemasaran dan unit usaha keuangan mikro (simpan pinjam). Pada tahap pengembangannya, Gapoktan dapat memberikan pelayanan informasi, teknologi, dan permodalan kepada anggotanya serta menjalin kerjasama melalui kemitraan usaha dengan pihak lain. Penggabungan Poktan ke dalam Gapoktan, diharapkan akan menjadikan Kelembagaan Petani yang kuat dan mandiri serta berdaya saing ((Peraturan Menteri Pertanian Nomor : 67/PERMENTAN/SM.050/12/2016 Tentang Pembinaan Kelembagaan Petani)
A15: - Kecamatan Poto Tano memiliki 7 (tujuh) Kelembagaan Gapoktan, di 7 Desa yang memiliki potensi utama di sektor pertanian, kecuali Desa Poto Tano yang potensi utamanya di sektor perikanan dan kelautan.
A16: - Sumber Data : Aplikasi SIMLUHTAN, Juni 2026; Balai Penyuluhan Pertanian Kecamatan Poto Tano Dinas Pertanian Kabupaten Sumbawa Barat

Sheet DATA POKTAN
A1: DATA KELOMPOK TANI (POKTAN) KECAMATAN POTO TANO TAHUN 2026
A2: No | B2: Nama Desa | C2: Nama Kelompok | D2: Kelas Kelompok | E2: Nama Ketua | F2: Jumlah Anggota | G2: Luas Lahan (M2) | H2: Lokasi / Posisi Koordinat Lahan | I2: Komoditas Utama | J2: Status Oprasional (Aktif/Tidak Aktif) | L2: id Desa | M2: jenis kelompok
A3: 1 | B3: Senayan | C3: Mares Gama | D3: Lanjut | E3: H. Junaidi HS | F3: 17 | G3: 33 | H3: -8.585445, 116.83670700000001 | I3: Jagung | J3: Aktif | L3: =INDEX(desa!A:A,MATCH(B3,desa!B:B,0)) -> 5 | M3: POKTAN | N3: =CONCATENATE("('",L3,";",TRIM(LEFT(C3,FIND(" ",C3)-1)),";",D3,";",E3,";",F3,";",G3,";",H3,";",I3,";",J3,";",M3,"'),") -> ('5;Mares Gama;Lanjut;H. Junaidi HS;17;33;-8.585445, 116.83670700000001;Jagung;Aktif;POKTAN'),
A4: 2 | B4: Senayan | C4: Semangat Baru Tambah Anggota Tambah Bantuan Komoditas yang diusahakan Input Jenis Kelompok Ubah Hapus | D4: Lanjut | E4: Samsun HJ | F4: 29 | G4: 52.7 | H4: -8.591425, 116.84190333333332 | I4: Jagung | J4: Aktif | L4: =INDEX(desa!A:A,MATCH(B4,desa!B:B,0)) -> 5 | M4: POKTAN | N4: =CONCATENATE("('",L4,";",TRIM(LEFT(C4,FIND(" ",C4)-1)),";",D4,";",E4,";",F4,";",G4,";",H4,";",I4,";",J4,";",M4,"'),") -> ('5;Semangat Baru;Lanjut;Samsun HJ;29;52.7;-8.591425, 116.84190333333332;Jagung;Aktif;POKTAN'),
A5: 3 | B5: Senayan | C5: Suka Maju Tambah Anggota Tambah Bantuan Komoditas yang diusahakan Input Jenis Kelompok Ubah Hapus | D5: Pemula | E5: Tamrin | F5: 23 | G5: 39 | H5: -8.584915, 116.83269666666665 | I5: Jagung | J5: Aktif | L5: =INDEX(desa!A:A,MATCH(B5,desa!B:B,0)) -> 5 | M5: POKTAN | N5: =CONCATENATE("('",L5,";",TRIM(LEFT(C5,FIND(" ",C5)-1)),";",D5,";",E5,";",F5,";",G5,";",H5,";",I5,";",J5,";",M5,"'),") -> ('5;Suka Maju;Pemula;Tamrin;23;39;-8.584915, 116.83269666666665;Jagung;Aktif;POKTAN'),
A6: 4 | B6: Senayan | C6: Alam Subur Tambah Anggota Tambah Bantuan Komoditas yang diusahakan Input Jenis Kelompok Ubah Hapus | D6: Pemula | E6: Bahtiyar HMY | F6: 24 | G6: 34 | H6: -8.582983, 116.831105 | I6: Jagung | J6: Aktif | L6: =INDEX(desa!A:A,MATCH(B6,desa!B:B,0)) -> 5 | M6: POKTAN | N6: =CONCATENATE("('",L6,";",TRIM(LEFT(C6,FIND(" ",C6)-1)),";",D6,";",E6,";",F6,";",G6,";",H6,";",I6,";",J6,";",M6,"'),") -> ('5;Alam Subur;Pemula;Bahtiyar HMY;24;34;-8.582983, 116.831105;Jagung;Aktif;POKTAN'),
A7: 5 | B7: Senayan | C7: Cinta Damai Tambah Anggota Tambah Bantuan Komoditas yang diusahakan Input Jenis Kelompok Ubah Hapus | D7: Lanjut | E7: A. Muin | F7: 50 | G7: 60 | H7: -8.60397, 116.84600333333334 | I7: Jagung | J7: Aktif | L7: =INDEX(desa!A:A,MATCH(B7,desa!B:B,0)) -> 5 | M7: POKTAN | N7: =CONCATENATE("('",L7,";",TRIM(LEFT(C7,FIND(" ",C7)-1)),";",D7,";",E7,";",F7,";",G7,";",H7,";",I7,";",J7,";",M7,"'),") -> ('5;Cinta Damai;Lanjut;A. Muin;50;60;-8.60397, 116.84600333333334;Jagung;Aktif;POKTAN'),
A8: 6 | B8: Senayan | C8: Sekar Group Tambah Anggota Tambah Bantuan Komoditas yang diusahakan Input Jenis Kelompok Ubah Hapus | D8: Pemula | E8: Zainudin Tayub | F8: 41 | G8: 50 | H8: -8.57287, 116.847463333333332 | I8: Jagung | J8: Aktif | L8: =INDEX(desa!A:A,MATCH(B8,desa!B:B,0)) -> 5 | M8: POKTAN | N8: =CONCATENATE("('",L8,";",TRIM(LEFT(C8,FIND(" ",C8)-1)),";",D8,";",E8,";",F8,";",G8,";",H8,";",I8,";",J8,";",M8,"'),") -> ('5;Sekar Group;Pemula;Zainudin Tayub;41;50;-8.57287, 116.847463333333332 ;Jagung;Aktif;POKTAN'),
A9: 7 | B9: Senayan | C9: Bukit Indah Tambah Anggota Tambah Bantuan Komoditas yang diusahakan Input Jenis Kelompok Ubah Hapus | D9: Pemula | E9: Hamzah AR | F9: 32 | G9: 11 | H9: -8.62099, 116.85271666666668 | I9: Padi | J9: Aktif | L9: =INDEX(desa!A:A,MATCH(B9,desa!B:B,0)) -> 5 | M9: POKTAN | N9: =CONCATENATE("('",L9,";",TRIM(LEFT(C9,FIND(" ",C9)-1)),";",D9,";",E9,";",F9,";",G9,";",H9,";",I9,";",J9,";",M9,"'),") -> ('5;Bukit Indah;Pemula;Hamzah AR;32;11;-8.62099, 116.85271666666668;Padi;Aktif;POKTAN'),
A10: 8 | B10: Senayan | C10: Masi Sate I Tambah Anggota Tambah Bantuan Komoditas yang diusahakan Input Jenis Kelompok Ubah Hapus | D10: Pemula | E10: H. Makbul | F10: 29 | G10: 10 | H10: -8.6181531, 116.8574288 | I10: Padi | J10: Aktif | L10: =INDEX(desa!A:A,MATCH(B10,desa!B:B,0)) -> 5 | M10: POKTAN | N10: =CONCATENATE("('",L10,";",TRIM(LEFT(C10,FIND(" ",C10)-1)),";",D10,";",E10,";",F10,";",G10,";",H10,";",I10,";",J10,";",M10,"'),") -> ('5;Masi Sate I;Pemula;H. Makbul;29;10;-8.6181531, 116.8574288;Padi;Aktif;POKTAN'),
A11: 9 | B11: Senayan | C11: Masi Sate II Tambah Anggota Tambah Bantuan Komoditas yang diusahakan Input Jenis Kelompok Ubah Hapus | D11: Pemula | E11: Bakhtiyar HM | F11: 32 | G11: 10 | H11: -8.61709, 116.85678333333333 | I11: Padi | J11: Aktif | L11: =INDEX(desa!A:A,MATCH(B11,desa!B:B,0)) -> 5 | M11: POKTAN | N11: =CONCATENATE("('",L11,";",TRIM(LEFT(C11,FIND(" ",C11)-1)),";",D11,";",E11,";",F11,";",G11,";",H11,";",I11,";",J11,";",M11,"'),") -> ('5;Masi Sate II;Pemula;Bakhtiyar HM;32;10;-8.61709, 116.85678333333333;Padi;Aktif;POKTAN'),
A12: 10 | B12: Senayan | C12: Tari Jangi Tambah Anggota Tambah Bantuan Komoditas yang diusahakan Input Jenis Kelompok Ubah Hapus | D12: Lanjut | E12: M. Arifin SAP | F12: 42 | G12: 11 | H12: -8.614894999999999, 116.849345 | I12: Padi | J12: Aktif | L12: =INDEX(desa!A:A,MATCH(B12,desa!B:B,0)) -> 5 | M12: POKTAN | N12: =CONCATENATE("('",L12,";",TRIM(LEFT(C12,FIND(" ",C12)-1)),";",D12,";",E12,";",F12,";",G12,";",H12,";",I12,";",J12,";",M12,"'),") -> ('5;Tari Jangi;Lanjut;M. Arifin SAP;42;11;-8.614894999999999, 116.849345;Padi;Aktif;POKTAN'),
A13: 11 | B13: Senayan | C13: KWT Melati Tambah Anggota Tambah Bantuan | D13: Lanjut | E13: Hj. Mastur | F13: 11 | I13: Pengolahan Hasil Pertanian | J13: Aktif | L13: =INDEX(desa!A:A,MATCH(B13,desa!B:B,0)) -> 5 | M13: POKTAN | N13: =CONCATENATE("('",L13,";",TRIM(LEFT(C13,FIND(" ",C13)-1)),";",D13,";",E13,";",F13,";",G13,";",H13,";",I13,";",J13,";",M13,"'),") -> ('5;KWT Melati;Lanjut;Hj. Mastur;11;;;Pengolahan Hasil Pertanian;Aktif;POKTAN'),
A14: 12 | B14: Senayan | C14: KWT Melati II Tambah Anggota Tambah Bantuan Komoditas yang diusahakan Input Jenis Kelompok Ubah Hapus | D14: Lanjut | E14: Herianti, S.Pd | F14: 11 | I14: Pengolahan Hasil Pertanian | J14: Aktif | L14: =INDEX(desa!A:A,MATCH(B14,desa!B:B,0)) -> 5 | M14: POKTAN | N14: =CONCATENATE("('",L14,";",TRIM(LEFT(C14,FIND(" ",C14)-1)),";",D14,";",E14,";",F14,";",G14,";",H14,";",I14,";",J14,";",M14,"'),") -> ('5;KWT Melati II;Lanjut;Herianti, S.Pd;11;;;Pengolahan Hasil Pertanian;Aktif;POKTAN'),
A15: 13 | B15: Senayan | C15: Cempaka Tambah Anggota Tambah Bantuan Komoditas yang diusahakan Input Jenis Kelompok Ubah Hapus | D15: Lanjut | E15: Sudarli, HS., S.AP | F15: 33 | G15: 40 | H15: -8.588445, 116.83553166666667 | I15: Jagung | J15: Aktif | L15: =INDEX(desa!A:A,MATCH(B15,desa!B:B,0)) -> 5 | M15: POKTAN | N15: =CONCATENATE("('",L15,";",TRIM(LEFT(C15,FIND(" ",C15)-1)),";",D15,";",E15,";",F15,";",G15,";",H15,";",I15,";",J15,";",M15,"'),") -> ('5;Cempaka;Lanjut;Sudarli, HS., S.AP;33;40;-8.588445, 116.83553166666667;Jagung;Aktif;POKTAN'),
A16: 14 | B16: Senayan | C16: Senap semu Tambah Anggota Tambah Bantuan Komoditas yang diusahakan Input Jenis Kelompok Ubah Hapus | D16: Pemula | E16: Indra Kusuma | F16: 13 | I16: Peternakan | J16: Aktif | L16: =INDEX(desa!A:A,MATCH(B16,desa!B:B,0)) -> 5 | M16: POKTAN | N16: =CONCATENATE("('",L16,";",TRIM(LEFT(C16,FIND(" ",C16)-1)),";",D16,";",E16,";",F16,";",G16,";",H16,";",I16,";",J16,";",M16,"'),") -> ('5;Senap semu;Pemula;Indra Kusuma;13;;;Peternakan;Aktif;POKTAN'),
A17: 15 | B17: Senayan | C17: Saling Angkat Tambah Anggota Tambah Bantuan Komoditas yang diusahakan Input Jenis Kelompok Ubah Hapus | D17: Pemula | E17: Nurdin | F17: 7 | I17: Peternakan | J17: Aktif | L17: =INDEX(desa!A:A,MATCH(B17,desa!B:B,0)) -> 5 | M17: POKTAN | N17: =CONCATENATE("('",L17,";",TRIM(LEFT(C17,FIND(" ",C17)-1)),";",D17,";",E17,";",F17,";",G17,";",H17,";",I17,";",J17,";",M17,"'),") -> ('5;Saling Angkat;Pemula;Nurdin;7;;;Peternakan;Aktif;POKTAN'),
A18: 16 | B18: Senayan | C18: Ai Boro Tambah Anggota Tambah Bantuan Komoditas yang diusahakan Input Jenis Kelompok Ubah Hapus | D18: Pemula | E18: A. Muin | F18: 11 | I18: Peternakan | J18: Aktif | L18: =INDEX(desa!A:A,MATCH(B18,desa!B:B,0)) -> 5 | M18: POKTAN | N18: =CONCATENATE("('",L18,";",TRIM(LEFT(C18,FIND(" ",C18)-1)),";",D18,";",E18,";",F18,";",G18,";",H18,";",I18,";",J18,";",M18,"'),") -> ('5;Ai;Pemula;A. Muin;11;;;Peternakan;Aktif;POKTAN'),
A19: 17 | B19: Senayan | C19: Kuber Kolo Tambah Anggota Tambah Bantuan Komoditas yang diusahakan Input Jenis Kelompok Ubah Hapus | D19: Pemula | E19: M. Saleh | F19: 43 | G19: 64 | H19: -8.6239554, 116.8507255 | I19: Jagung | J19: Aktif | L19: =INDEX(desa!A:A,MATCH(B19,desa!B:B,0)) -> 5 | M19: POKTAN | N19: =CONCATENATE("('",L19,";",TRIM(LEFT(C19,FIND(" ",C19)-1)),";",D19,";",E19,";",F19,";",G19,";",H19,";",I19,";",J19,";",M19,"'),") -> ('5;Kuber Kolo;Pemula;M. Saleh;43;64;-8.6239554, 116.8507255;Jagung;Aktif;POKTAN'),
A20: 18 | B20: Senayan | C20: Olat Dara Tambah Anggota Tambah Bantuan Komoditas yang diusahakan Input Jenis Kelompok Ubah Hapus | D20: Pemula | E20: M. Yasin | F20: 23 | G20: 42.3 | H20: -8.581815, 116.84369999999998 | I20: Jagung | J20: Aktif | L20: =INDEX(desa!A:A,MATCH(B20,desa!B:B,0)) -> 5 | M20: POKTAN | N20: =CONCATENATE("('",L20,";",TRIM(LEFT(C20,FIND(" ",C20)-1)),";",D20,";",E20,";",F20,";",G20,";",H20,";",I20,";",J20,";",M20,"'),") -> ('5;Olat Dara;Pemula;M. Yasin;23;42.3;-8.581815, 116.84369999999998;Jagung;Aktif;POKTAN'),
A21: 19 | B21: Senayan | C21: Olat Dara II Tambah Anggota Tambah Bantuan Komoditas yang diusahakan Input Jenis Kelompok Ubah Hapus | D21: Pemula | E21: Moh. Saleh | F21: 17 | G21: 30 | H21: -8.5885075, 116.8404171 | I21: Jagung | J21: Aktif | L21: =INDEX(desa!A:A,MATCH(B21,desa!B:B,0)) -> 5 | M21: POKTAN | N21: =CONCATENATE("('",L21,";",TRIM(LEFT(C21,FIND(" ",C21)-1)),";",D21,";",E21,";",F21,";",G21,";",H21,";",I21,";",J21,";",M21,"'),") -> ('5;Olat Dara II;Pemula;Moh. Saleh;17;30;-8.5885075, 116.8404171;Jagung;Aktif;POKTAN'),
A22: 20 | B22: Senayan | C22: Ai Lawang II Tambah Anggota Tambah Bantuan Komoditas yang diusahakan Input Jenis Kelompok Ubah Hapus | D22: Pemula | E22: Faesal | F22: 24 | G22: 42 | H22: -8.59036, 116.83675833333334 | I22: Jagung | J22: Aktif | L22: =INDEX(desa!A:A,MATCH(B22,desa!B:B,0)) -> 5 | M22: POKTAN | N22: =CONCATENATE("('",L22,";",TRIM(LEFT(C22,FIND(" ",C22)-1)),";",D22,";",E22,";",F22,";",G22,";",H22,";",I22,";",J22,";",M22,"'),") -> ('5;Ai Lawang II;Pemula;Faesal;24;42;-8.59036, 116.83675833333334;Jagung;Aktif;POKTAN'),
A23: 21 | B23: Senayan | C23: Ai Olat Tambah Anggota Tambah Bantuan Komoditas yang diusahakan Input Jenis Kelompok Ubah Hapus | D23: Pemula | E23: H. Mursidi | F23: 38 | G23: 11 | H23: -8.619568333333332, 116.84483 | I23: Padi | J23: Aktif | L23: =INDEX(desa!A:A,MATCH(B23,desa!B:B,0)) -> 5 | M23: POKTAN | N23: =CONCATENATE("('",L23,";",TRIM(LEFT(C23,FIND(" ",C23)-1)),";",D23,";",E23,";",F23,";",G23,";",H23,";",I23,";",J23,";",M23,"'),") -> ('5;Ai Olat;Pemula;H. Mursidi;38;11;-8.619568333333332, 116.84483;Padi;Aktif;POKTAN'),
A24: 22 | B24: Senayan | C24: Bukit Indah II Tambah Anggota Tambah Bantuan Komoditas yang diusahakan Input Jenis Kelompok Ubah Hapus | D24: Pemula | E24: Burhanuddin | F24: 28 | G24: 11.41 | H24: -8.621035000000001, 116.84726666666666 | I24: Padi | J24: Aktif | L24: =INDEX(desa!A:A,MATCH(B24,desa!B:B,0)) -> 5 | M24: POKTAN | N24: =CONCATENATE("('",L24,";",TRIM(LEFT(C24,FIND(" ",C24)-1)),";",D24,";",E24,";",F24,";",G24,";",H24,";",I24,";",J24,";",M24,"'),") -> ('5;Bukit Indah II;Pemula;Burhanuddin;28;11.41;-8.621035000000001, 116.84726666666666;Padi;Aktif;POKTAN'),
A25: 23 | B25: Senayan | C25: Lemak Jati Tambah Anggota Tambah Bantuan Komoditas yang diusahakan Input Jenis Kelompok Ubah Hapus | D25: Lanjut | E25: Muhammad | F25: 35 | G25: 47 | H25: -8.6150733, 116.8525662 | I25: Jagung | J25: Aktif | L25: =INDEX(desa!A:A,MATCH(B25,desa!B:B,0)) -> 5 | M25: POKTAN | N25: =CONCATENATE("('",L25,";",TRIM(LEFT(C25,FIND(" ",C25)-1)),";",D25,";",E25,";",F25,";",G25,";",H25,";",I25,";",J25,";",M25,"'),") -> ('5;Lemak Jati;Lanjut;Muhammad;35;47;-8.6150733, 116.8525662;Jagung;Aktif;POKTAN'),
A26: 24 | B26: Senayan | C26: Lawang Desa Tambah Anggota Tambah Bantuan Komoditas yang diusahakan Input Jenis Kelompok Ubah Hapus | D26: Pemula | E26: Muhammad Arifin | F26: 9 | I26: Peternakan | J26: Tidak Aktif | L26: =INDEX(desa!A:A,MATCH(B26,desa!B:B,0)) -> 5 | M26: POKTAN | N26: =CONCATENATE("('",L26,";",TRIM(LEFT(C26,FIND(" ",C26)-1)),";",D26,";",E26,";",F26,";",G26,";",H26,";",I26,";",J26,";",M26,"'),") -> ('5;Lawang Desa;Pemula;Muhammad Arifin;9;;;Peternakan;Tidak Aktif;POKTAN'),
A27: 25 | B27: Senayan | C27: Kuang Rea Tambah Anggota Tambah Bantuan Komoditas yang diusahakan Input Jenis Kelompok Ubah Hapus | D27: Pemula | E27: Kasem | F27: 25 | G27: 32 | H27: -8.57735, 116.82529833333335 | I27: Jagung | J27: Aktif | L27: =INDEX(desa!A:A,MATCH(B27,desa!B:B,0)) -> 5 | M27: POKTAN | N27: =CONCATENATE("('",L27,";",TRIM(LEFT(C27,FIND(" ",C27)-1)),";",D27,";",E27,";",F27,";",G27,";",H27,";",I27,";",J27,";",M27,"'),") -> ('5;Kuang Rea;Pemula;Kasem;25;32;-8.57735, 116.82529833333335;Jagung;Aktif;POKTAN'),
A28: 26 | B28: Senayan | C28: Sumer Loka Tambah Anggota Tambah Bantuan Komoditas yang diusahakan Input Jenis Kelompok Ubah Hapus | D28: Pemula | E28: Sopian Hadi | F28: 38 | G28: 10 | H28: -8.616885, 116.85311833333331 | I28: Padi | J28: Aktif | L28: =INDEX(desa!A:A,MATCH(B28,desa!B:B,0)) -> 5 | M28: POKTAN | N28: =CONCATENATE("('",L28,";",TRIM(LEFT(C28,FIND(" ",C28)-1)),";",D28,";",E28,";",F28,";",G28,";",H28,";",I28,";",J28,";",M28,"'),") -> ('5;Sumer Loka;Pemula;Sopian Hadi;38;10;-8.616885, 116.85311833333331;Padi;Aktif;POKTAN'),
A29: 27 | B29: Senayan | C29: Unter pasi Tambah Anggota Tambah Bantuan Komoditas yang diusahakan Input Jenis Kelompok Ubah Hapus | D29: Pemula | E29: Zaeddun | F29: 23 | G29: 48 | H29: -8.580112, 116.8190623 | I29: Jagung | J29: Aktif | L29: =INDEX(desa!A:A,MATCH(B29,desa!B:B,0)) -> 5 | M29: POKTAN | N29: =CONCATENATE("('",L29,";",TRIM(LEFT(C29,FIND(" ",C29)-1)),";",D29,";",E29,";",F29,";",G29,";",H29,";",I29,";",J29,";",M29,"'),") -> ('5;Unter pasi;Pemula;Zaeddun;23;48;-8.580112, 116.8190623;Jagung;Aktif;POKTAN'),
A30: 28 | B30: Senayan | C30: Ai Rawa Tambah Anggota Tambah Bantuan Komoditas yang diusahakan Input Jenis Kelompok Ubah Hapus | D30: Pemula | E30: Supardi | F30: 35 | G30: 54 | H30: -8.595295, 116.838395 | I30: Jagung | J30: Aktif | L30: =INDEX(desa!A:A,MATCH(B30,desa!B:B,0)) -> 5 | M30: POKTAN | N30: =CONCATENATE("('",L30,";",TRIM(LEFT(C30,FIND(" ",C30)-1)),";",D30,";",E30,";",F30,";",G30,";",H30,";",I30,";",J30,";",M30,"'),") -> ('5;Ai Rawa;Pemula;Supardi;35;54;-8.595295, 116.838395;Jagung;Aktif;POKTAN'),
A31: 29 | B31: Senayan | C31: Sate Maju Tambah Anggota Tambah Bantuan Komoditas yang diusahakan Input Jenis Kelompok Ubah Hapus | D31: Pemula | E31: Hadi Sucipto | F31: 33 | G31: 10 | H31: -8.6169516666666667, 116.852855 | I31: Padi | J31: Aktif | L31: =INDEX(desa!A:A,MATCH(B31,desa!B:B,0)) -> 5 | M31: POKTAN | N31: =CONCATENATE("('",L31,";",TRIM(LEFT(C31,FIND(" ",C31)-1)),";",D31,";",E31,";",F31,";",G31,";",H31,";",I31,";",J31,";",M31,"'),") -> ('5;Sate Maju;Pemula;Hadi Sucipto;33;10;-8.6169516666666667, 116.852855;Padi;Aktif;POKTAN'),
A32: 30 | B32: Senayan | C32: Tengkal Telutu Tambah Anggota Tambah Bantuan Komoditas yang diusahakan Input Jenis Kelompok Ubah Hapus | D32: Pemula | E32: Burhanuddin | F32: 9 | I32: Peternakan | J32: Tidak Aktif | L32: =INDEX(desa!A:A,MATCH(B32,desa!B:B,0)) -> 5 | M32: POKTAN | N32: =CONCATENATE("('",L32,";",TRIM(LEFT(C32,FIND(" ",C32)-1)),";",D32,";",E32,";",F32,";",G32,";",H32,";",I32,";",J32,";",M32,"'),") -> ('5;Tengkal Telutu;Pemula;Burhanuddin;9;;;Peternakan;Tidak Aktif;POKTAN'),
A33: 31 | B33: Senayan | C33: Alam Subur II Tambah Anggota Tambah Bantuan Komoditas yang diusahakan Input Jenis Kelompok Ubah Hapus | D33: Pemula | E33: Syarifuddin | F33: 34 | G33: 45 | H33: -8.61541, 116.84525166666666 | I33: Jagung | J33: Aktif | L33: =INDEX(desa!A:A,MATCH(B33,desa!B:B,0)) -> 5 | M33: POKTAN | N33: =CONCATENATE("('",L33,";",TRIM(LEFT(C33,FIND(" ",C33)-1)),";",D33,";",E33,";",F33,";",G33,";",H33,";",I33,";",J33,";",M33,"'),") -> ('5;Alam Subur II;Pemula;Syarifuddin;34;45;-8.61541, 116.84525166666666;Jagung;Aktif;POKTAN'),
A34: 32 | B34: Senayan | C34: Harapan Suci Tambah Anggota Tambah Bantuan Komoditas yang diusahakan Input Jenis Kelompok Ubah Hapus | D34: Pemula | E34: Syamsul Lutfi | F34: 0 | J34: Tidak Aktif | L34: =INDEX(desa!A:A,MATCH(B34,desa!B:B,0)) -> 5 | M34: POKTAN | N34: =CONCATENATE("('",L34,";",TRIM(LEFT(C34,FIND(" ",C34)-1)),";",D34,";",E34,";",F34,";",G34,";",H34,";",I34,";",J34,";",M34,"'),") -> ('5;Harapan Suci;Pemula;Syamsul Lutfi;0;;;;Tidak Aktif;POKTAN'),
A35: 33 | B35: Senayan | C35: Usaha Baru Tambah Anggota Tambah Bantuan Komoditas yang diusahakan Input Jenis Kelompok Ubah Hapus | D35: Pemula | E35: Fatri Murti | F35: 4 | I35: Peternakan | J35: Tidak Aktif | L35: =INDEX(desa!A:A,MATCH(B35,desa!B:B,0)) -> 5 | M35: POKTAN | N35: =CONCATENATE("('",L35,";",TRIM(LEFT(C35,FIND(" ",C35)-1)),";",D35,";",E35,";",F35,";",G35,";",H35,";",I35,";",J35,";",M35,"'),") -> ('5;Usaha Baru;Pemula;Fatri Murti;4;;;Peternakan;Tidak Aktif;POKTAN'),
A36: 34 | B36: Senayan | C36: Ai lawang Tambah Anggota Tambah Bantuan | D36: Pemula | E36: Kaharuddin | F36: 22 | G36: 45 | H36: -8.590275, 116.83659333333331 | I36: Jagung | J36: Aktif | L36: =INDEX(desa!A:A,MATCH(B36,desa!B:B,0)) -> 5 | M36: POKTAN | N36: =CONCATENATE("('",L36,";",TRIM(LEFT(C36,FIND(" ",C36)-1)),";",D36,";",E36,";",F36,";",G36,";",H36,";",I36,";",J36,";",M36,"'),") -> ('5;Ai lawang;Pemula;Kaharuddin;22;45;-8.590275, 116.83659333333331;Jagung;Aktif;POKTAN'),
A37: 35 | B37: Senayan | C37: Satutu Niat Tambah Anggota Tambah Bantuan Komoditas yang diusahakan Input Jenis Kelompok Ubah Hapus | D37: Pemula | E37: A. Wahab | F37: 4 | I37: Peternkan | J37: Tidak Aktif | L37: =INDEX(desa!A:A,MATCH(B37,desa!B:B,0)) -> 5 | M37: POKTAN | N37: =CONCATENATE("('",L37,";",TRIM(LEFT(C37,FIND(" ",C37)-1)),";",D37,";",E37,";",F37,";",G37,";",H37,";",I37,";",J37,";",M37,"'),") -> ('5;Satutu Niat;Pemula;A. Wahab;4;;;Peternkan;Tidak Aktif;POKTAN'),
A38: 36 | B38: Senayan | C38: Ai Jorok Tambah Anggota Tambah Bantuan Komoditas yang diusahakan Input Jenis Kelompok Ubah Hapus | D38: Pemula | E38: Bambang Hermanto | F38: 43 | G38: 45 | H38: -8.59509, 116.84141666666667 | I38: Jagung | J38: Aktif | L38: =INDEX(desa!A:A,MATCH(B38,desa!B:B,0)) -> 5 | M38: POKTAN | N38: =CONCATENATE("('",L38,";",TRIM(LEFT(C38,FIND(" ",C38)-1)),";",D38,";",E38,";",F38,";",G38,";",H38,";",I38,";",J38,";",M38,"'),") -> ('5;Ai Jorok;Pemula;Bambang Hermanto;43;45;-8.59509, 116.84141666666667;Jagung;Aktif;POKTAN'),
A39: 37 | B39: Senayan | C39: Ai Gali | D39: Pemula | E39: Ibrahim | F39: 8 | I39: Peternkaan | J39: Tidak Aktif | L39: =INDEX(desa!A:A,MATCH(B39,desa!B:B,0)) -> 5 | M39: POKTAN | N39: =CONCATENATE("('",L39,";",TRIM(LEFT(C39,FIND(" ",C39)-1)),";",D39,";",E39,";",F39,";",G39,";",H39,";",I39,";",J39,";",M39,"'),") -> ('5;Ai Gali;Pemula;Ibrahim;8;;;Peternkaan;Tidak Aktif;POKTAN'),
A40: 38 | B40: Senayan | C40: Unter Pasi II | D40: Pemula | E40: Mandru | F40: 11 | G40: 20 | H40: -8.5831, 116.831105 | I40: Jagung | J40: Aktif | L40: =INDEX(desa!A:A,MATCH(B40,desa!B:B,0)) -> 5 | M40: POKTAN | N40: =CONCATENATE("('",L40,";",TRIM(LEFT(C40,FIND(" ",C40)-1)),";",D40,";",E40,";",F40,";",G40,";",H40,";",I40,";",J40,";",M40,"'),") -> ('5;Unter Pasi II;Pemula;Mandru;11;20;-8.5831, 116.831105;Jagung;Aktif;POKTAN'),
A41: 39 | B41: Senayan | C41: Jorok Mata Malam Tambah Anggota Tambah Bantuan Komoditas yang diusahakan Input Jenis Kelompok Ubah Hapus | D41: Pemula | E41: Mustaram | F41: 30 | G41: 34 | H41: -8.58198, 116.84366166666665 | I41: Jagung | J41: Aktif | L41: =INDEX(desa!A:A,MATCH(B41,desa!B:B,0)) -> 5 | M41: POKTAN | N41: =CONCATENATE("('",L41,";",TRIM(LEFT(C41,FIND(" ",C41)-1)),";",D41,";",E41,";",F41,";",G41,";",H41,";",I41,";",J41,";",M41,"'),") -> ('5;Jorok Mata Malam;Pemula;Mustaram;30;34;-8.58198, 116.84366166666665;Jagung;Aktif;POKTAN'),
A42: 40 | B42: Senayan | C42: Jorok Kaset Tambah Anggota Tambah Bantuan Komoditas yang diusahakan Input Jenis Kelompok Ubah Hapus | D42: Pemula | E42: Suhardiman | F42: 17 | G42: 34 | H42: -8.609255, 116.85226833333333 | I42: Jagung | J42: Aktif | L42: =INDEX(desa!A:A,MATCH(B42,desa!B:B,0)) -> 5 | M42: POKTAN | N42: =CONCATENATE("('",L42,";",TRIM(LEFT(C42,FIND(" ",C42)-1)),";",D42,";",E42,";",F42,";",G42,";",H42,";",I42,";",J42,";",M42,"'),") -> ('5;Jorok Kaset;Pemula;Suhardiman;17;34;-8.609255, 116.85226833333333;Jagung;Aktif;POKTAN'),
A43: 41 | B43: Senayan | C43: Saling Pariri Tambah Anggota Tambah Bantuan Komoditas yang diusahakan Input Jenis Kelompok Ubah Hapus | D43: Pemula | E43: Ramli | F43: 24 | G43: 33 | H43: -8.579905, '116.84430166666668 | I43: Jagung | J43: Aktif | L43: =INDEX(desa!A:A,MATCH(B43,desa!B:B,0)) -> 5 | M43: POKTAN | N43: =CONCATENATE("('",L43,";",TRIM(LEFT(C43,FIND(" ",C43)-1)),";",D43,";",E43,";",F43,";",G43,";",H43,";",I43,";",J43,";",M43,"'),") -> ('5;Saling Pariri;Pemula;Ramli;24;33;-8.579905, '116.84430166666668;Jagung;Aktif;POKTAN'),
A44: 42 | B44: Senayan | C44: Jorok Kaset II Tambah Anggota Tambah Bantuan Komoditas yang diusahakan Input Jenis Kelompok Ubah Hapus | D44: Pemula | E44: Jufriadi | F44: 20 | G44: 20 | H44: -8.609285, 116.85236166666667 | I44: Jagung | J44: Aktif | L44: =INDEX(desa!A:A,MATCH(B44,desa!B:B,0)) -> 5 | M44: POKTAN | N44: =CONCATENATE("('",L44,";",TRIM(LEFT(C44,FIND(" ",C44)-1)),";",D44,";",E44,";",F44,";",G44,";",H44,";",I44,";",J44,";",M44,"'),") -> ('5;Jorok Kaset II;Pemula;Jufriadi;20;20;-8.609285, 116.85236166666667;Jagung;Aktif;POKTAN'),
A45: 43 | B45: Senayan | C45: Al Bidayah Tambah Anggota Tambah Bantuan Komoditas yang diusahakan Input Jenis Kelompok Ubah Hapus | D45: Pemula | E45: Mahsun | F45: 3 | I45: Hortikultura | J45: Aktif | L45: =INDEX(desa!A:A,MATCH(B45,desa!B:B,0)) -> 5 | M45: POKTAN | N45: =CONCATENATE("('",L45,";",TRIM(LEFT(C45,FIND(" ",C45)-1)),";",D45,";",E45,";",F45,";",G45,";",H45,";",I45,";",J45,";",M45,"'),") -> ('5;Al Bidayah;Pemula;Mahsun;3;;;Hortikultura;Aktif;POKTAN'),
A46: 44 | B46: Senayan | C46: Ingin Maju | D46: Pemula | E46: Supiarno | I46: Hortikultura | J46: Aktif | L46: =INDEX(desa!A:A,MATCH(B46,desa!B:B,0)) -> 5 | M46: POKTAN | N46: =CONCATENATE("('",L46,";",TRIM(LEFT(C46,FIND(" ",C46)-1)),";",D46,";",E46,";",F46,";",G46,";",H46,";",I46,";",J46,";",M46,"'),") -> ('5;Ingin Maju;Pemula;Supiarno;;;;Hortikultura;Aktif;POKTAN'),
A47: 45 | B47: Senayan | C47: Amanah Ai Olat | D47: Pemula | E47: H. Mursidi | F47: 4 | I47: Hortikultura | J47: Aktif | L47: =INDEX(desa!A:A,MATCH(B47,desa!B:B,0)) -> 5 | M47: POKTAN | N47: =CONCATENATE("('",L47,";",TRIM(LEFT(C47,FIND(" ",C47)-1)),";",D47,";",E47,";",F47,";",G47,";",H47,";",I47,";",J47,";",M47,"'),") -> ('5;Amanah Ai Olat;Pemula;H. Mursidi;4;;;Hortikultura;Aktif;POKTAN'),
A48: 46 | B48: Senayan | C48: Sama Rua | D48: Pemula | E48: Sabram | F48: 1 | I48: Hortikultura | J48: Aktif | L48: =INDEX(desa!A:A,MATCH(B48,desa!B:B,0)) -> 5 | M48: POKTAN | N48: =CONCATENATE("('",L48,";",TRIM(LEFT(C48,FIND(" ",C48)-1)),";",D48,";",E48,";",F48,";",G48,";",H48,";",I48,";",J48,";",M48,"'),") -> ('5;Sama Rua;Pemula;Sabram;1;;;Hortikultura;Aktif;POKTAN'),
A49: 47 | B49: Senayan | C49: Petak Berjaya | D49: Pemula | E49: Susi Susanti | F49: 6 | I49: Hortikultura | J49: Aktif | L49: =INDEX(desa!A:A,MATCH(B49,desa!B:B,0)) -> 5 | M49: POKTAN | N49: =CONCATENATE("('",L49,";",TRIM(LEFT(C49,FIND(" ",C49)-1)),";",D49,";",E49,";",F49,";",G49,";",H49,";",I49,";",J49,";",M49,"'),") -> ('5;Petak Berjaya;Pemula;Susi Susanti;6;;;Hortikultura;Aktif;POKTAN'),
A50: 48 | B50: Senayan | C50: Nahdathul Wathan | D50: Pemula | E50: M. Zainudin Mansur | F50: 3 | I50: Hortikultura | J50: Aktif | L50: =INDEX(desa!A:A,MATCH(B50,desa!B:B,0)) -> 5 | M50: POKTAN | N50: =CONCATENATE("('",L50,";",TRIM(LEFT(C50,FIND(" ",C50)-1)),";",D50,";",E50,";",F50,";",G50,";",H50,";",I50,";",J50,";",M50,"'),") -> ('5;Nahdathul Wathan;Pemula;M. Zainudin Mansur;3;;;Hortikultura;Aktif;POKTAN'),
A51: 49 | B51: Senayan | C51: Harapan Jaya Agro Tambah Anggota Tambah Bantuan Komoditas yang diusahakan Input Jenis Kelompok Ubah Hapus | D51: Pemula | E51: M. Zuhri SP | I51: Hortikultura | J51: Aktif | L51: =INDEX(desa!A:A,MATCH(B51,desa!B:B,0)) -> 5 | M51: POKTAN | N51: =CONCATENATE("('",L51,";",TRIM(LEFT(C51,FIND(" ",C51)-1)),";",D51,";",E51,";",F51,";",G51,";",H51,";",I51,";",J51,";",M51,"'),") -> ('5;Harapan Jaya Agro;Pemula;M. Zuhri SP;;;;Hortikultura;Aktif;POKTAN'),
A52: 50 | B52: Senayan | C52: Lets Grow | D52: Pemula | E52: Kalsum | F52: 5 | I52: Hortikultura | J52: Aktif | L52: =INDEX(desa!A:A,MATCH(B52,desa!B:B,0)) -> 5 | M52: POKTAN | N52: =CONCATENATE("('",L52,";",TRIM(LEFT(C52,FIND(" ",C52)-1)),";",D52,";",E52,";",F52,";",G52,";",H52,";",I52,";",J52,";",M52,"'),") -> ('5;Lets Grow;Pemula;Kalsum;5;;;Hortikultura;Aktif;POKTAN'),
A53: 51 | B53: Senayan | C53: KWT Merica Putih | D53: Pemula | E53: Reny | I53: Pengolahan Hasil Pertanian | J53: Aktif | L53: =INDEX(desa!A:A,MATCH(B53,desa!B:B,0)) -> 5 | M53: POKTAN | N53: =CONCATENATE("('",L53,";",TRIM(LEFT(C53,FIND(" ",C53)-1)),";",D53,";",E53,";",F53,";",G53,";",H53,";",I53,";",J53,";",M53,"'),") -> ('5;KWT Merica Putih;Pemula;Reny;;;;Pengolahan Hasil Pertanian;Aktif;POKTAN'),
A54: 52 | B54: Mantar | C54: Ai Kolang Tambah Anggota Tambah Bantuan Komoditas yang diusahakan Input Jenis Kelompok Ubah Hapus | E54: Hery firmanto | F54: 16 | G54: 8.44 | I54: Tanaman Pangan | J54: Aktif | L54: =INDEX(desa!A:A,MATCH(B54,desa!B:B,0)) -> 3 | M54: POKTAN | N54: =CONCATENATE("('",L54,";",TRIM(LEFT(C54,FIND(" ",C54)-1)),";",D54,";",E54,";",F54,";",G54,";",H54,";",I54,";",J54,";",M54,"'),") -> ('3;Ai Kolang;;Hery firmanto;16;8.44;;Tanaman Pangan;Aktif;POKTAN'),
A55: 53 | B55: Mantar | C55: Ai Kamina Tambah Anggota Tambah Bantuan Komoditas yang diusahakan Input Jenis Kelompok Ubah Hapus | E55: A. Majid HS | F55: 16 | G55: 14.2 | I55: Tanaman Pangan | J55: Aktif | L55: =INDEX(desa!A:A,MATCH(B55,desa!B:B,0)) -> 3 | M55: POKTAN | N55: =CONCATENATE("('",L55,";",TRIM(LEFT(C55,FIND(" ",C55)-1)),";",D55,";",E55,";",F55,";",G55,";",H55,";",I55,";",J55,";",M55,"'),") -> ('3;Ai Kamina;;A. Majid HS;16;14.2;;Tanaman Pangan;Aktif;POKTAN'),
A56: 54 | B56: Mantar | C56: Brang Koe Tambah Anggota Tambah Bantuan Komoditas yang diusahakan Input Jenis Kelompok Ubah Hapus | E56: Zakariah Icing | F56: 28 | I56: Tanaman Pangan | J56: Aktif | L56: =INDEX(desa!A:A,MATCH(B56,desa!B:B,0)) -> 3 | M56: POKTAN | N56: =CONCATENATE("('",L56,";",TRIM(LEFT(C56,FIND(" ",C56)-1)),";",D56,";",E56,";",F56,";",G56,";",H56,";",I56,";",J56,";",M56,"'),") -> ('3;Brang Koe;;Zakariah Icing;28;;;Tanaman Pangan;Aktif;POKTAN'),
A57: 55 | B57: Mantar | C57: Ai Ngare Tambah Anggota Tambah Bantuan Komoditas yang diusahakan Input Jenis Kelompok Ubah Hapus | E57: Hastipan | F57: 16 | G57: 6.13 | I57: Tanaman Pangan | J57: Aktif | L57: =INDEX(desa!A:A,MATCH(B57,desa!B:B,0)) -> 3 | M57: POKTAN | N57: =CONCATENATE("('",L57,";",TRIM(LEFT(C57,FIND(" ",C57)-1)),";",D57,";",E57,";",F57,";",G57,";",H57,";",I57,";",J57,";",M57,"'),") -> ('3;Ai Ngare;;Hastipan;16;6.13;;Tanaman Pangan;Aktif;POKTAN'),
A58: 56 | B58: Mantar | C58: Sakiki Rara Tambah Anggota Tambah Bantuan Komoditas yang diusahakan Input Jenis Kelompok Ubah Hapus | E58: Sabur S.AP | F58: 16 | G58: 9.9 | I58: Tanaman Pangan | J58: Aktif | L58: =INDEX(desa!A:A,MATCH(B58,desa!B:B,0)) -> 3 | M58: POKTAN | N58: =CONCATENATE("('",L58,";",TRIM(LEFT(C58,FIND(" ",C58)-1)),";",D58,";",E58,";",F58,";",G58,";",H58,";",I58,";",J58,";",M58,"'),") -> ('3;Sakiki Rara;;Sabur S.AP;16;9.9;;Tanaman Pangan;Aktif;POKTAN'),
A59: 57 | B59: Mantar | C59: Alam Hijau Tambah Anggota Tambah Bantuan Komoditas yang diusahakan Input Jenis Kelompok Ubah Hapus | E59: A. Rahman H Acim | F59: 20 | G59: 20 | I59: Tanaman Pangan | J59: Aktif | L59: =INDEX(desa!A:A,MATCH(B59,desa!B:B,0)) -> 3 | M59: POKTAN | N59: =CONCATENATE("('",L59,";",TRIM(LEFT(C59,FIND(" ",C59)-1)),";",D59,";",E59,";",F59,";",G59,";",H59,";",I59,";",J59,";",M59,"'),") -> ('3;Alam Hijau;;A. Rahman H Acim;20;20;;Tanaman Pangan;Aktif;POKTAN'),
A60: 58 | B60: Mantar | C60: Datar Baruta Tambah Anggota Tambah Bantuan Komoditas yang diusahakan Input Jenis Kelompok Ubah Hapus | E60: Rudi Rasid | F60: 17 | G60: 17 | I60: Tanaman Pangan | J60: Aktif | L60: =INDEX(desa!A:A,MATCH(B60,desa!B:B,0)) -> 3 | M60: POKTAN | N60: =CONCATENATE("('",L60,";",TRIM(LEFT(C60,FIND(" ",C60)-1)),";",D60,";",E60,";",F60,";",G60,";",H60,";",I60,";",J60,";",M60,"'),") -> ('3;Datar Baruta;;Rudi Rasid;17;17;;Tanaman Pangan;Aktif;POKTAN'),
A61: 59 | B61: Mantar | C61: Saling Satotang Tambah Anggota Tambah Bantuan Komoditas yang diusahakan Input Jenis Kelompok Ubah Hapus | E61: Hasanuddin | F61: 15 | G61: 15 | I61: Tanaman Pangan | J61: Aktif | L61: =INDEX(desa!A:A,MATCH(B61,desa!B:B,0)) -> 3 | M61: POKTAN | N61: =CONCATENATE("('",L61,";",TRIM(LEFT(C61,FIND(" ",C61)-1)),";",D61,";",E61,";",F61,";",G61,";",H61,";",I61,";",J61,";",M61,"'),") -> ('3;Saling Satotang;;Hasanuddin;15;15;;Tanaman Pangan;Aktif;POKTAN'),
A62: 60 | B62: Mantar | C62: Saling Pendi Tambah Anggota Tambah Bantuan Komoditas yang diusahakan Input Jenis Kelompok Ubah Hapus | E62: Rudi Saguni | F62: 23 | G62: 23 | I62: Tanaman Pangan | J62: Aktif | L62: =INDEX(desa!A:A,MATCH(B62,desa!B:B,0)) -> 3 | M62: POKTAN | N62: =CONCATENATE("('",L62,";",TRIM(LEFT(C62,FIND(" ",C62)-1)),";",D62,";",E62,";",F62,";",G62,";",H62,";",I62,";",J62,";",M62,"'),") -> ('3;Saling Pendi;;Rudi Saguni;23;23;;Tanaman Pangan;Aktif;POKTAN'),
A63: 61 | B63: Mantar | C63: Sinar Sarean | E63: Sulaiman | F63: 15 | G63: 15 | I63: Tanaman Pangan | J63: Aktif | L63: =INDEX(desa!A:A,MATCH(B63,desa!B:B,0)) -> 3 | M63: POKTAN | N63: =CONCATENATE("('",L63,";",TRIM(LEFT(C63,FIND(" ",C63)-1)),";",D63,";",E63,";",F63,";",G63,";",H63,";",I63,";",J63,";",M63,"'),") -> ('3;Sinar Sarean;;Sulaiman;15;15;;Tanaman Pangan;Aktif;POKTAN'),
A64: 62 | B64: Mantar | C64: Unter Sarean Tambah Anggota Tambah Bantuan Komoditas yang diusahakan Input Jenis Kelompok Ubah Hapus | E64: Samsuddin | F64: 23 | G64: 23 | I64: Tanaman Pangan | J64: Aktif | L64: =INDEX(desa!A:A,MATCH(B64,desa!B:B,0)) -> 3 | M64: POKTAN | N64: =CONCATENATE("('",L64,";",TRIM(LEFT(C64,FIND(" ",C64)-1)),";",D64,";",E64,";",F64,";",G64,";",H64,";",I64,";",J64,";",M64,"'),") -> ('3;Unter Sarean;;Samsuddin;23;23;;Tanaman Pangan;Aktif;POKTAN'),
A65: 63 | B65: Mantar | C65: Tunas Harapan Tambah Anggota Tambah Bantuan Komoditas yang diusahakan Input Jenis Kelompok Ubah Hapus | E65: Ahmad Daud | F65: 30 | G65: 10.94 | I65: Tanaman Pangan | J65: Aktif | L65: =INDEX(desa!A:A,MATCH(B65,desa!B:B,0)) -> 3 | M65: POKTAN | N65: =CONCATENATE("('",L65,";",TRIM(LEFT(C65,FIND(" ",C65)-1)),";",D65,";",E65,";",F65,";",G65,";",H65,";",I65,";",J65,";",M65,"'),") -> ('3;Tunas Harapan;;Ahmad Daud;30;10.94;;Tanaman Pangan;Aktif;POKTAN'),
A66: 64 | B66: Mantar | C66: Orong Desa Tambah Anggota Tambah Bantuan Komoditas yang diusahakan Input Jenis Kelompok Ubah Hapus | E66: Andi Momang | F66: 16 | G66: 12.6 | I66: Tanaman Pangan | J66: Aktif | L66: =INDEX(desa!A:A,MATCH(B66,desa!B:B,0)) -> 3 | M66: POKTAN | N66: =CONCATENATE("('",L66,";",TRIM(LEFT(C66,FIND(" ",C66)-1)),";",D66,";",E66,";",F66,";",G66,";",H66,";",I66,";",J66,";",M66,"'),") -> ('3;Orong Desa;;Andi Momang;16;12.6;;Tanaman Pangan;Aktif;POKTAN'),
A67: 65 | B67: Mantar | C67: Saling Pendi II Tambah Anggota Tambah Bantuan Komoditas yang diusahakan Input Jenis Kelompok Ubah Hapus | E67: Sanapiah Pato | F67: 17 | I67: Tanaman Pangan | J67: Aktif | L67: =INDEX(desa!A:A,MATCH(B67,desa!B:B,0)) -> 3 | M67: POKTAN | N67: =CONCATENATE("('",L67,";",TRIM(LEFT(C67,FIND(" ",C67)-1)),";",D67,";",E67,";",F67,";",G67,";",H67,";",I67,";",J67,";",M67,"'),") -> ('3;Saling Pendi II;;Sanapiah Pato;17;;;Tanaman Pangan;Aktif;POKTAN'),
A68: 66 | B68: Mantar | C68: Ai Orong Tambah Anggota Tambah Bantuan Komoditas yang diusahakan Input Jenis Kelompok Ubah Hapus | E68: Muhammad Ali | F68: 23 | I68: Tanaman Pangan | J68: Aktif | L68: =INDEX(desa!A:A,MATCH(B68,desa!B:B,0)) -> 3 | M68: POKTAN | N68: =CONCATENATE("('",L68,";",TRIM(LEFT(C68,FIND(" ",C68)-1)),";",D68,";",E68,";",F68,";",G68,";",H68,";",I68,";",J68,";",M68,"'),") -> ('3;Ai Orong;;Muhammad Ali;23;;;Tanaman Pangan;Aktif;POKTAN'),
A69: 67 | B69: Mantar | C69: Ai Mante Tambah Anggota Tambah Bantuan Komoditas yang diusahakan Input Jenis Kelompok Ubah Hapus | E69: Darwin | F69: 13 | G69: 18 | I69: Tanaman Pangan | J69: Aktif | L69: =INDEX(desa!A:A,MATCH(B69,desa!B:B,0)) -> 3 | M69: POKTAN | N69: =CONCATENATE("('",L69,";",TRIM(LEFT(C69,FIND(" ",C69)-1)),";",D69,";",E69,";",F69,";",G69,";",H69,";",I69,";",J69,";",M69,"'),") -> ('3;Ai Mante;;Darwin;13;18;;Tanaman Pangan;Aktif;POKTAN'),
A70: 68 | B70: Mantar | C70: Senap Semu Tambah Anggota Tambah Bantuan Komoditas yang diusahakan Input Jenis Kelompok Ubah Hapus | E70: Sudarmono | F70: 19 | G70: 19 | I70: Tanaman Pangan | J70: Aktif | L70: =INDEX(desa!A:A,MATCH(B70,desa!B:B,0)) -> 3 | M70: POKTAN | N70: =CONCATENATE("('",L70,";",TRIM(LEFT(C70,FIND(" ",C70)-1)),";",D70,";",E70,";",F70,";",G70,";",H70,";",I70,";",J70,";",M70,"'),") -> ('3;Senap Semu;;Sudarmono;19;19;;Tanaman Pangan;Aktif;POKTAN'),
A71: 69 | B71: Mantar | C71: Orong Ibus Tambah Anggota Tambah Bantuan Komoditas yang diusahakan Input Jenis Kelompok Ubah Hapus | E71: Samsun | F71: 14 | G71: 14 | I71: Tanaman Pangan | J71: Aktif | L71: =INDEX(desa!A:A,MATCH(B71,desa!B:B,0)) -> 3 | M71: POKTAN | N71: =CONCATENATE("('",L71,";",TRIM(LEFT(C71,FIND(" ",C71)-1)),";",D71,";",E71,";",F71,";",G71,";",H71,";",I71,";",J71,";",M71,"'),") -> ('3;Orong Ibus;;Samsun;14;14;;Tanaman Pangan;Aktif;POKTAN'),
A72: 70 | B72: Mantar | C72: Ai Taruma Tambah Anggota Tambah Bantuan Komoditas yang diusahakan Input Jenis Kelompok Ubah Hapus | E72: Kursawat | F72: 23 | G72: 23 | I72: Tanaman Pangan | J72: Aktif | L72: =INDEX(desa!A:A,MATCH(B72,desa!B:B,0)) -> 3 | M72: POKTAN | N72: =CONCATENATE("('",L72,";",TRIM(LEFT(C72,FIND(" ",C72)-1)),";",D72,";",E72,";",F72,";",G72,";",H72,";",I72,";",J72,";",M72,"'),") -> ('3;Ai Taruma;;Kursawat;23;23;;Tanaman Pangan;Aktif;POKTAN'),
A73: 71 | B73: Mantar | C73: Cahaya Baru Tambah Anggota Tambah Bantuan Komoditas yang diusahakan Input Jenis Kelompok Ubah Hapus | E73: Sukarno | F73: 16 | G73: 16 | I73: Tanaman Pangan | J73: Aktif | L73: =INDEX(desa!A:A,MATCH(B73,desa!B:B,0)) -> 3 | M73: POKTAN | N73: =CONCATENATE("('",L73,";",TRIM(LEFT(C73,FIND(" ",C73)-1)),";",D73,";",E73,";",F73,";",G73,";",H73,";",I73,";",J73,";",M73,"'),") -> ('3;Cahaya Baru;;Sukarno;16;16;;Tanaman Pangan;Aktif;POKTAN'),
A74: 72 | B74: Mantar | C74: Orong Baruta Tambah Anggota Tambah Bantuan Komoditas yang diusahakan Input Jenis Kelompok Ubah Hapus | E74: Asmono | F74: 13 | G74: 8 | I74: Tanaman Pangan | J74: Aktif | L74: =INDEX(desa!A:A,MATCH(B74,desa!B:B,0)) -> 3 | M74: POKTAN | N74: =CONCATENATE("('",L74,";",TRIM(LEFT(C74,FIND(" ",C74)-1)),";",D74,";",E74,";",F74,";",G74,";",H74,";",I74,";",J74,";",M74,"'),") -> ('3;Orong Baruta;;Asmono;13;8;;Tanaman Pangan;Aktif;POKTAN'),
A75: 73 | B75: Mantar | C75: Orong Sabit Tambah Anggota Tambah Bantuan Komoditas yang diusahakan Input Jenis Kelompok Ubah Hapus | E75: Manyur | F75: 30 | G75: 30 | I75: Tanaman Pangan | J75: Aktif | L75: =INDEX(desa!A:A,MATCH(B75,desa!B:B,0)) -> 3 | M75: POKTAN | N75: =CONCATENATE("('",L75,";",TRIM(LEFT(C75,FIND(" ",C75)-1)),";",D75,";",E75,";",F75,";",G75,";",H75,";",I75,";",J75,";",M75,"'),") -> ('3;Orong Sabit;;Manyur;30;30;;Tanaman Pangan;Aktif;POKTAN'),
A76: 74 | B76: Mantar | C76: Tani Subur Tambah Anggota Tambah Bantuan Komoditas yang diusahakan Input Jenis Kelompok Ubah Hapus | E76: Sukardinata | F76: 18 | G76: 18 | I76: Tanaman Pangan | J76: Aktif | L76: =INDEX(desa!A:A,MATCH(B76,desa!B:B,0)) -> 3 | M76: POKTAN | N76: =CONCATENATE("('",L76,";",TRIM(LEFT(C76,FIND(" ",C76)-1)),";",D76,";",E76,";",F76,";",G76,";",H76,";",I76,";",J76,";",M76,"'),") -> ('3;Tani Subur;;Sukardinata;18;18;;Tanaman Pangan;Aktif;POKTAN'),
A77: 75 | B77: Mantar | C77: Mantar Indah Tambah Anggota Tambah Bantuan Komoditas yang diusahakan Input Jenis Kelompok Ubah Hapus | E77: Sudario | F77: 17 | G77: 17 | I77: Tanaman Pangan | J77: Aktif | L77: =INDEX(desa!A:A,MATCH(B77,desa!B:B,0)) -> 3 | M77: POKTAN | N77: =CONCATENATE("('",L77,";",TRIM(LEFT(C77,FIND(" ",C77)-1)),";",D77,";",E77,";",F77,";",G77,";",H77,";",I77,";",J77,";",M77,"'),") -> ('3;Mantar Indah;;Sudario;17;17;;Tanaman Pangan;Aktif;POKTAN'),
A78: 76 | B78: Mantar | C78: Lenang Rangala Tambah Anggota Tambah Bantuan Komoditas yang diusahakan Input Jenis Kelompok Ubah Hapus | E78: Sahabuddin | F78: 15 | G78: 15 | I78: Tanaman Pangan | J78: Aktif | L78: =INDEX(desa!A:A,MATCH(B78,desa!B:B,0)) -> 3 | M78: POKTAN | N78: =CONCATENATE("('",L78,";",TRIM(LEFT(C78,FIND(" ",C78)-1)),";",D78,";",E78,";",F78,";",G78,";",H78,";",I78,";",J78,";",M78,"'),") -> ('3;Lenang Rangala;;Sahabuddin;15;15;;Tanaman Pangan;Aktif;POKTAN'),
A79: 77 | B79: Mantar | C79: Lengkok Pabara Tambah Anggota Tambah Bantuan Komoditas yang diusahakan Input Jenis Kelompok Ubah Hapus | E79: Irwan | F79: 30 | G79: 30 | I79: Tanaman Pangan | J79: Aktif | L79: =INDEX(desa!A:A,MATCH(B79,desa!B:B,0)) -> 3 | M79: POKTAN | N79: =CONCATENATE("('",L79,";",TRIM(LEFT(C79,FIND(" ",C79)-1)),";",D79,";",E79,";",F79,";",G79,";",H79,";",I79,";",J79,";",M79,"'),") -> ('3;Lengkok Pabara;;Irwan;30;30;;Tanaman Pangan;Aktif;POKTAN'),
A80: 78 | B80: Mantar | C80: Ai Beru Tambah Anggota Tambah Bantuan Komoditas yang diusahakan Input Jenis Kelompok Ubah Hapus | E80: Bambang | F80: 30 | G80: 30 | I80: Tanaman Pangan | J80: Aktif | L80: =INDEX(desa!A:A,MATCH(B80,desa!B:B,0)) -> 3 | M80: POKTAN | N80: =CONCATENATE("('",L80,";",TRIM(LEFT(C80,FIND(" ",C80)-1)),";",D80,";",E80,";",F80,";",G80,";",H80,";",I80,";",J80,";",M80,"'),") -> ('3;Ai Beru;;Bambang;30;30;;Tanaman Pangan;Aktif;POKTAN'),
A81: 79 | B81: Kiantar | C81: Sagena indah I Tambah Anggota Tambah Bantuan Komoditas yang diusahakan Input Jenis Kelompok Ubah Hapus | D81: Lanjut | E81: Alfian | F81: 26 | G81: 49.5 | H81: '-8,581111.116.8156843 | I81: Jagung | J81: Aktif | L81: =INDEX(desa!A:A,MATCH(B81,desa!B:B,0)) -> 1 | M81: POKTAN | N81: =CONCATENATE("('",L81,";",TRIM(LEFT(C81,FIND(" ",C81)-1)),";",D81,";",E81,";",F81,";",G81,";",H81,";",I81,";",J81,";",M81,"'),") -> ('1;Sagena indah I;Lanjut;Alfian;26;49.5;'-8,581111.116.8156843;Jagung;Aktif;POKTAN'),
A82: 80 | B82: Kiantar | C82: Sagena Indah II Tambah Anggota Tambah Bantuan Komoditas yang diusahakan Input Jenis Kelompok Ubah Hapus | D82: Lanjut | E82: Suandy HR | F82: 38 | G82: 74.5 | H82: '-8.58395,116.8058336 | I82: Jagung | J82: Aktif | L82: =INDEX(desa!A:A,MATCH(B82,desa!B:B,0)) -> 1 | M82: POKTAN | N82: =CONCATENATE("('",L82,";",TRIM(LEFT(C82,FIND(" ",C82)-1)),";",D82,";",E82,";",F82,";",G82,";",H82,";",I82,";",J82,";",M82,"'),") -> ('1;Sagena Indah II;Lanjut;Suandy HR;38;74.5;'-8.58395,116.8058336;Jagung;Aktif;POKTAN'),
A83: 81 | B83: Kiantar | C83: Susah Maras Tambah Anggota Tambah Bantuan Komoditas yang diusahakan Input Jenis Kelompok Ubah Hapus | D83: Lanjut | E83: M Jamil | F83: 37 | G83: 54.66 | H83: '-8.58395,116.8058336 | I83: Jagung | J83: Aktif | L83: =INDEX(desa!A:A,MATCH(B83,desa!B:B,0)) -> 1 | M83: POKTAN | N83: =CONCATENATE("('",L83,";",TRIM(LEFT(C83,FIND(" ",C83)-1)),";",D83,";",E83,";",F83,";",G83,";",H83,";",I83,";",J83,";",M83,"'),") -> ('1;Susah Maras;Lanjut;M Jamil;37;54.66;'-8.58395,116.8058336;Jagung;Aktif;POKTAN'),
A84: 82 | B84: Kiantar | C84: Angan No Putes Tambah Anggota Tambah Bantuan Komoditas yang diusahakan Input Jenis Kelompok Ubah Hapus | D84: Lanjut | E84: Lukman S | F84: 19 | G84: 22.33 | H84: -8.59043, 116.800740 | I84: Jagung | J84: Aktif | L84: =INDEX(desa!A:A,MATCH(B84,desa!B:B,0)) -> 1 | M84: POKTAN | N84: =CONCATENATE("('",L84,";",TRIM(LEFT(C84,FIND(" ",C84)-1)),";",D84,";",E84,";",F84,";",G84,";",H84,";",I84,";",J84,";",M84,"'),") -> ('1;Angan No Putes;Lanjut;Lukman S;19;22.33;-8.59043, 116.800740;Jagung;Aktif;POKTAN'),
A85: 83 | B85: Kiantar | C85: Sinar Kiantar Tambah Anggota Tambah Bantuan Komoditas yang diusahakan Input Jenis Kelompok Ubah Hapus | D85: Lanjut | E85: Abd. Rahman | F85: 38 | G85: 67 | H85: '-8.59813,116.8021175 | I85: Jagung | J85: Aktif | L85: =INDEX(desa!A:A,MATCH(B85,desa!B:B,0)) -> 1 | M85: POKTAN | N85: =CONCATENATE("('",L85,";",TRIM(LEFT(C85,FIND(" ",C85)-1)),";",D85,";",E85,";",F85,";",G85,";",H85,";",I85,";",J85,";",M85,"'),") -> ('1;Sinar Kiantar;Lanjut;Abd. Rahman;38;67;'-8.59813,116.8021175;Jagung;Aktif;POKTAN'),
A86: 84 | B86: Kiantar | C86: Ai Jemplung Tambah Anggota Tambah Bantuan Komoditas yang diusahakan Input Jenis Kelompok Ubah Hapus | D86: Lanjut | E86: Sabi Said | F86: 56 | G86: 72.2 | H86: '-8.3614,116.4747 | I86: Jagung | J86: Aktif | L86: =INDEX(desa!A:A,MATCH(B86,desa!B:B,0)) -> 1 | M86: POKTAN | N86: =CONCATENATE("('",L86,";",TRIM(LEFT(C86,FIND(" ",C86)-1)),";",D86,";",E86,";",F86,";",G86,";",H86,";",I86,";",J86,";",M86,"'),") -> ('1;Ai Jemplung;Lanjut;Sabi Said;56;72.2;'-8.3614,116.4747;Jagung;Aktif;POKTAN'),
A87: 85 | B87: Kiantar | C87: Labu Pabanang Unter Tambah Anggota Tambah Bantuan Komoditas yang diusahakan Input Jenis Kelompok Ubah Hapus | D87: Lanjut | E87: H. Sudirman | F87: 13 | G87: 20.66 | H87: '-8.57194, 116.524121 | I87: Jagung | J87: Aktif | L87: =INDEX(desa!A:A,MATCH(B87,desa!B:B,0)) -> 1 | M87: POKTAN | N87: =CONCATENATE("('",L87,";",TRIM(LEFT(C87,FIND(" ",C87)-1)),";",D87,";",E87,";",F87,";",G87,";",H87,";",I87,";",J87,";",M87,"'),") -> ('1;Labu Pabanang Unter;Lanjut;H. Sudirman;13;20.66;'-8.57194, 116.524121;Jagung;Aktif;POKTAN'),
A88: 86 | B88: Kiantar | C88: Batu Dongkong Tambah Anggota Tambah Bantuan Komoditas yang diusahakan Input Jenis Kelompok Ubah Hapus | D88: Lanjut | E88: Nazaruddin | F88: 28 | G88: 42.8 | H88: '-8.03618, 116.04745 | I88: Jagung | J88: Aktif | L88: =INDEX(desa!A:A,MATCH(B88,desa!B:B,0)) -> 1 | M88: POKTAN | N88: =CONCATENATE("('",L88,";",TRIM(LEFT(C88,FIND(" ",C88)-1)),";",D88,";",E88,";",F88,";",G88,";",H88,";",I88,";",J88,";",M88,"'),") -> ('1;Batu Dongkong;Lanjut;Nazaruddin;28;42.8;'-8.03618, 116.04745;Jagung;Aktif;POKTAN'),
A89: 87 | B89: Kiantar | C89: Sate Maju Tambah Anggota Tambah Bantuan Komoditas yang diusahakan Input Jenis Kelompok Ubah Hapus | E89: Jalaluddin | F89: 16 | J89: Tidak Aktif | L89: =INDEX(desa!A:A,MATCH(B89,desa!B:B,0)) -> 1 | M89: POKTAN | N89: =CONCATENATE("('",L89,";",TRIM(LEFT(C89,FIND(" ",C89)-1)),";",D89,";",E89,";",F89,";",G89,";",H89,";",I89,";",J89,";",M89,"'),") -> ('1;Sate Maju;;Jalaluddin;16;;;;Tidak Aktif;POKTAN'),
A90: 88 | B90: Kiantar | C90: Ai Barereng Tambah Anggota Tambah Bantuan Komoditas yang diusahakan Input Jenis Kelompok Ubah Hapus | D90: Lanjut | E90: Jalaluddin | F90: 26 | G90: 37.67 | H90: '-8.58197,116.8139 | I90: Jagung | J90: Aktif | L90: =INDEX(desa!A:A,MATCH(B90,desa!B:B,0)) -> 1 | M90: POKTAN | N90: =CONCATENATE("('",L90,";",TRIM(LEFT(C90,FIND(" ",C90)-1)),";",D90,";",E90,";",F90,";",G90,";",H90,";",I90,";",J90,";",M90,"'),") -> ('1;Ai Barereng;Lanjut;Jalaluddin;26;37.67;'-8.58197,116.8139;Jagung;Aktif;POKTAN'),
A91: 89 | B91: Kiantar | C91: Jorok Ai Gamat Tambah Anggota Tambah Bantuan Komoditas yang diusahakan Input Jenis Kelompok Ubah Hapus | D91: Lanjut | E91: Sulkifli | F91: 20 | G91: 33 | H91: '-8.58065, 116.8164839 | I91: Jagung | J91: Aktif | L91: =INDEX(desa!A:A,MATCH(B91,desa!B:B,0)) -> 1 | M91: POKTAN | N91: =CONCATENATE("('",L91,";",TRIM(LEFT(C91,FIND(" ",C91)-1)),";",D91,";",E91,";",F91,";",G91,";",H91,";",I91,";",J91,";",M91,"'),") -> ('1;Jorok Ai Gamat;Lanjut;Sulkifli;20;33;'-8.58065, 116.8164839;Jagung;Aktif;POKTAN'),
A92: 90 | B92: Kiantar | C92: Muda Bersaing Tambah Anggota Tambah Bantuan Komoditas yang diusahakan Input Jenis Kelompok Ubah Hapus | D92: Lanjut | E92: Abdullah | F92: 22 | G92: 31.66 | H92: '-8036’9’’,116047’18’’,42, | I92: Jagung | J92: Aktif | L92: =INDEX(desa!A:A,MATCH(B92,desa!B:B,0)) -> 1 | M92: POKTAN | N92: =CONCATENATE("('",L92,";",TRIM(LEFT(C92,FIND(" ",C92)-1)),";",D92,";",E92,";",F92,";",G92,";",H92,";",I92,";",J92,";",M92,"'),") -> ('1;Muda Bersaing;Lanjut;Abdullah;22;31.66;'-8036’9’’,116047’18’’,42,;Jagung;Aktif;POKTAN'),
A93: 91 | B93: Kiantar | C93: Sinar Tani Tambah Anggota Tambah Bantuan Komoditas yang diusahakan Input Jenis Kelompok Ubah Hapus | D93: Lanjut | E93: Burhanuddin | F93: 26 | G93: 35.33 | H93: '-8.59515,116.7949199 | I93: Jagung | J93: Aktif | L93: =INDEX(desa!A:A,MATCH(B93,desa!B:B,0)) -> 1 | M93: POKTAN | N93: =CONCATENATE("('",L93,";",TRIM(LEFT(C93,FIND(" ",C93)-1)),";",D93,";",E93,";",F93,";",G93,";",H93,";",I93,";",J93,";",M93,"'),") -> ('1;Sinar Tani;Lanjut;Burhanuddin;26;35.33;'-8.59515,116.7949199;Jagung;Aktif;POKTAN'),
A94: 92 | B94: Kiantar | C94: KWT Melati Tambah Anggota Tambah Bantuan Komoditas yang diusahakan Input Jenis Kelompok Ubah Hapus | E94: Sadariah | F94: 26 | J94: Aktif | L94: =INDEX(desa!A:A,MATCH(B94,desa!B:B,0)) -> 1 | M94: POKTAN | N94: =CONCATENATE("('",L94,";",TRIM(LEFT(C94,FIND(" ",C94)-1)),";",D94,";",E94,";",F94,";",G94,";",H94,";",I94,";",J94,";",M94,"'),") -> ('1;KWT Melati;;Sadariah;26;;;;Aktif;POKTAN'),
A95: 93 | B95: Kiantar | C95: Ai Papak Tambah Anggota Tambah Bantuan Komoditas yang diusahakan Input Jenis Kelompok Ubah Hapus | D95: Lanjut | E95: Arsad HM | F95: 22 | G95: 28 | H95: '-8.59335,116.8056437 | I95: Jagung | J95: Aktif | L95: =INDEX(desa!A:A,MATCH(B95,desa!B:B,0)) -> 1 | M95: POKTAN | N95: =CONCATENATE("('",L95,";",TRIM(LEFT(C95,FIND(" ",C95)-1)),";",D95,";",E95,";",F95,";",G95,";",H95,";",I95,";",J95,";",M95,"'),") -> ('1;Ai Papak;Lanjut;Arsad HM;22;28;'-8.59335,116.8056437;Jagung;Aktif;POKTAN'),
A96: 94 | B96: Kiantar | C96: Parenteng Tambah Anggota Tambah Bantuan Komoditas yang diusahakan Input Jenis Kelompok Ubah Hapus | D96: Lanjut | E96: Zakaria H.Salim | F96: 27 | G96: 46 | H96: '-8.59449,116.7951462 | I96: Jagung | J96: Aktif | L96: =INDEX(desa!A:A,MATCH(B96,desa!B:B,0)) -> 1 | M96: POKTAN | N96: =CONCATENATE("('",L96,";",TRIM(LEFT(C96,FIND(" ",C96)-1)),";",D96,";",E96,";",F96,";",G96,";",H96,";",I96,";",J96,";",M96,"'),") -> ('1;Parenteng;Lanjut;Zakaria H.Salim;27;46;'-8.59449,116.7951462;Jagung;Aktif;POKTAN'),
A97: 95 | B97: Kiantar | C97: Pendi Jangi Tambah Anggota Tambah Bantuan Komoditas yang diusahakan Input Jenis Kelompok Ubah Hapus | D97: Lanjut | E97: Agus M | F97: 33 | G97: 66 | H97: '-8.58819,116.80239,58 | I97: Jagung | J97: Aktif | L97: =INDEX(desa!A:A,MATCH(B97,desa!B:B,0)) -> 1 | M97: POKTAN | N97: =CONCATENATE("('",L97,";",TRIM(LEFT(C97,FIND(" ",C97)-1)),";",D97,";",E97,";",F97,";",G97,";",H97,";",I97,";",J97,";",M97,"'),") -> ('1;Pendi Jangi;Lanjut;Agus M;33;66;'-8.58819,116.80239,58;Jagung;Aktif;POKTAN'),
A98: 96 | B98: Kiantar | C98: Batu Dongkong Tambah Anggota Tambah Bantuan Komoditas yang diusahakan Input Jenis Kelompok Ubah Hapus | E98: Sabirillah | F98: 1 | J98: Tidak Aktif | L98: =INDEX(desa!A:A,MATCH(B98,desa!B:B,0)) -> 1 | M98: POKTAN | N98: =CONCATENATE("('",L98,";",TRIM(LEFT(C98,FIND(" ",C98)-1)),";",D98,";",E98,";",F98,";",G98,";",H98,";",I98,";",J98,";",M98,"'),") -> ('1;Batu Dongkong;;Sabirillah;1;;;;Tidak Aktif;POKTAN'),
A99: 97 | B99: Kiantar | C99: Saling Pendi Tambah Anggota Tambah Bantuan Komoditas yang diusahakan Input Jenis Kelompok Ubah Hapus | E99: Basaruddin | F99: 6 | J99: Tidak Aktif | L99: =INDEX(desa!A:A,MATCH(B99,desa!B:B,0)) -> 1 | M99: POKTAN | N99: =CONCATENATE("('",L99,";",TRIM(LEFT(C99,FIND(" ",C99)-1)),";",D99,";",E99,";",F99,";",G99,";",H99,";",I99,";",J99,";",M99,"'),") -> ('1;Saling Pendi;;Basaruddin;6;;;;Tidak Aktif;POKTAN'),
A100: 98 | B100: UPT Tambak Sari | C100: Daya Makmur Tambah Anggota Tambah Bantuan Komoditas yang diusahakan Input Jenis Kelompok Ubah Hapus | D100: Pemula | E100: Sahidi | F100: 22 | G100: 40 | H100: -8.562928333333334, 116.843175 | I100: Jagung | J100: Aktif | L100: =INDEX(desa!A:A,MATCH(B100,desa!B:B,0)) -> 6 | M100: POKTAN | N100: =CONCATENATE("('",L100,";",TRIM(LEFT(C100,FIND(" ",C100)-1)),";",D100,";",E100,";",F100,";",G100,";",H100,";",I100,";",J100,";",M100,"'),") -> ('6;Daya Makmur;Pemula;Sahidi;22;40;-8.562928333333334, 116.843175;Jagung;Aktif;POKTAN'),
...

Sheet desa
A1: 1 | B1: Kiantar | C1: 6
A2: 2 | B2: Kokarlian | C2: 6
A3: 3 | B3: Mantar | C3: 6
A4: 4 | B4: Poto Tano | C4: 6
A5: 5 | B5: Senayan | C5: 6
A6: 6 | B6: Tambak Sari | C6: 6
A7: 7 | B7: Tebo | C7: 6
A8: 8 | B8: Tuananga | C8: 6
A9: 8 | B9: Tua nanga | C9: 6
A10: 6 | B10: upt Tambak Sari | C10: 6
