Workbook

Sheet DATA KELEMBAGAAN BUMDes
A1: DATA KELEMBAGAAN BUMDes (BADAN USAHA MILIK DESA) KECAMATAN POTO TANO 2026
A3: NO. | B3: NAMA_BUMDES | C3: DESA | D3: TAHUN_BERDIRI | E3: NAMA_AWAL_BUMDES | F3: DASAR PEMBENTUKAN | G3: SK PENGUKUHAN BUMDES | H3: SK KEPENGURUSAN (SAAT INI) | I3: NAMA DIREKTUR BUMDes | J3: Nomor HP Direktur BUMDes | K3: Jumlah Pengelola BUMDes | L3: USAHA YANG BERJALAN SAAT INI | M3: STATUS OPERASIONAL BUMDes
A4: 1 | B4: Batu Wali | C4: Senayan | D4: 2015 | E4: Batu Wali | G4: SK Kepala Desa Nomor 10 Tahun 2015 | H4: SK Kepala Desa Senayan Nomor 35 Tahun 2020 | I4: Adipura, S.HI | J4: 085338946809 | K4: 3 Orang | L4: Usaha Peternakan Unggas (Bebek) | M4: Aktif | O4: =INDEX(desa!A:A,MATCH(C4,desa!B:B,0)) -> 5 | P4: BUMDes | Q4: =CONCATENATE("('",O4,";",B4,";",D4,";",I4,";",J4,";",K4,";",M4,";",P4,"'),") -> ('5;Batu Wali;2015;Adipura, S.HI;085338946809;3 Orang;Aktif;BUMDes'),
G5: Tanggal 11 Mei 2015 | H5: Tangal 28 Desember Tahun 2020 | O5: =INDEX(desa!A:A,MATCH(C5,desa!B:B,0)) -> #N/A | P5: BUMDes | Q5: =CONCATENATE("('",O5,";",B5,";",D5,";",I5,";",J5,";",K5,";",M5,";",P5,"'),") -> #N/A
A6: 2 | B6: Mantar Sejahtera | C6: Mantar | D6: 2021 | E6: Mantar Sejahtera | F6: Perdes Nomor 06 Tahun 2021 | G6: - | K6: 3 Orang | M6: Aktif (kepengurusan baru) | O6: =INDEX(desa!A:A,MATCH(C6,desa!B:B,0)) -> 3 | P6: BUMDes | Q6: =CONCATENATE("('",O6,";",B6,";",D6,";",I6,";",J6,";",K6,";",M6,";",P6,"'),") -> ('3;Mantar Sejahtera;2021;;;3 Orang;Aktif (kepengurusan baru);BUMDes'),
F7: Tanggal 27 November 2021 | O7: =INDEX(desa!A:A,MATCH(C7,desa!B:B,0)) -> #N/A | P7: BUMDes | Q7: =CONCATENATE("('",O7,";",B7,";",D7,";",I7,";",J7,";",K7,";",M7,";",P7,"'),") -> #N/A
A8: 3 | B8: Kiantar Makmur | C8: Kiantar | D8: 2016 | E8: Kiantar Makmur | F8: SK Kepala Desa Nomor 02 Tahun 2016 | G8: SK Kepala Desa Nomor 02 Tahun 2016 | I8: Andi Kusuma | J8: 082340714717 | K8: 3 Orang | L8: Usaha Pertanian | M8: Aktif | O8: =INDEX(desa!A:A,MATCH(C8,desa!B:B,0)) -> 1 | P8: BUMDes | Q8: =CONCATENATE("('",O8,";",B8,";",D8,";",I8,";",J8,";",K8,";",M8,";",P8,"'),") -> ('1;Kiantar Makmur;2016;Andi Kusuma;082340714717;3 Orang;Aktif;BUMDes'),
F9: Tanggal 14 Februari 2016 | G9: Tanggal 14 Februari 2016 | O9: =INDEX(desa!A:A,MATCH(C9,desa!B:B,0)) -> #N/A | P9: BUMDes | Q9: =CONCATENATE("('",O9,";",B9,";",D9,";",I9,";",J9,";",K9,";",M9,";",P9,"'),") -> #N/A
A10: 4 | B10: Lawang Desa | C10: Poto Tano | D10: 2015 | E10: Lawang Desa | F10: Perdes Nomor 01 Tahun 2015 | G10: SK Kepala Desa Nomor 10 Tahun 2015 | K10: 3 Orang | M10: Aktif (Kepengurusan Baru) | O10: =INDEX(desa!A:A,MATCH(C10,desa!B:B,0)) -> 4 | P10: BUMDes | Q10: =CONCATENATE("('",O10,";",B10,";",D10,";",I10,";",J10,";",K10,";",M10,";",P10,"'),") -> ('4;Lawang Desa;2015;;;3 Orang;Aktif (Kepengurusan Baru);BUMDes'),
F11: Tanggal 10 Januari 2015 | G11: Tanggal 10 Januari 2015 | O11: =INDEX(desa!A:A,MATCH(C11,desa!B:B,0)) -> #N/A | P11: BUMDes | Q11: =CONCATENATE("('",O11,";",B11,";",D11,";",I11,";",J11,";",K11,";",M11,";",P11,"'),") -> #N/A
A12: 5 | B12: Tunas Karya Mandiri | C12: UPT Tambak Sari | D12: 2015 | E12: Melati | F12: Perdes Nomor 03 Tahun 2015 | G12: SK Kepala Desa Nomor 07 Tahun 2015 | H12: SK Kepala Desa Tambak Sari Nomor 25.1 Tahun 2024 | I12: H. Harjito | J12: 085157750492 | K12: 3 Orang | L12: Pengadaan Saprodi, jual beli udang broken | M12: Aktif (kepengurusan baru) | O12: =INDEX(desa!A:A,MATCH(C12,desa!B:B,0)) -> 6 | P12: BUMDes | Q12: =CONCATENATE("('",O12,";",B12,";",D12,";",I12,";",J12,";",K12,";",M12,";",P12,"'),") -> ('6;Tunas Karya Mandiri;2015;H. Harjito;085157750492;3 Orang;Aktif (kepengurusan baru);BUMDes'),
F13: Tanggal 14 Januari 2015 | G13: Tanggal 14 Februari 2016 | H13: Tanggal | O13: =INDEX(desa!A:A,MATCH(C13,desa!B:B,0)) -> #N/A | P13: BUMDes | Q13: =CONCATENATE("('",O13,";",B13,";",D13,";",I13,";",J13,";",K13,";",M13,";",P13,"'),") -> #N/A
A14: 6 | B14: Berlian | C14: Kokarlian | D14: 2016 | E14: Subali Makmur | F14: Perdes Nomor 03 Tahun 2016 | G14: - | H14: - | I14: - | J14: - | K14: - | L14: - | M14: Tidak Aktif (Belum terbentuk kepengurusan baru) | O14: =INDEX(desa!A:A,MATCH(C14,desa!B:B,0)) -> #N/A | P14: BUMDes | Q14: =CONCATENATE("('",O14,";",B14,";",D14,";",I14,";",J14,";",K14,";",M14,";",P14,"'),") -> #N/A
O15: =INDEX(desa!A:A,MATCH(C15,desa!B:B,0)) -> #N/A | P15: BUMDes | Q15: =CONCATENATE("('",O15,";",B15,";",D15,";",I15,";",J15,";",K15,";",M15,";",P15,"'),") -> #N/A
A16: 7 | B16: Berkah Bersama | C16: Tebo | D16: 2015 | E16: Berkah Bersama | F16: Perdes Nomor 04 Tahun 2015 | G16: SK Kepala Desa Nomor 13 Tahun 2015 | H16: SK Kepala Desa Nomor 22 Tahun 2020 | I16: Adam, A.Md | J16: - | K16: - | L16: - | M16: Dinonaktifkan (Bermasalah) | O16: =INDEX(desa!A:A,MATCH(C16,desa!B:B,0)) -> 7 | P16: BUMDes | Q16: =CONCATENATE("('",O16,";",B16,";",D16,";",I16,";",J16,";",K16,";",M16,";",P16,"'),") -> ('7;Berkah Bersama;2015;Adam, A.Md;-;-;Dinonaktifkan (Bermasalah);BUMDes'),
F17: Tanggal 13 April 2015 | G17: Tanggal 1 April 2015 | H17: 03 Desember 2020 | O17: =INDEX(desa!A:A,MATCH(C17,desa!B:B,0)) -> #N/A | P17: BUMDes | Q17: =CONCATENATE("('",O17,";",B17,";",D17,";",I17,";",J17,";",K17,";",M17,";",P17,"'),") -> #N/A
A18: 8 | B18: Saling Beme | C18: Tua Nanga | D18: 2015 | E18: Saling Beme | F18: Perdes Nomor 08 Tahun 2015 | G18: SK Kepala Desa Nomor 13 Tahun 2015 | H18: SK Kepala Desa Tua Nanga Nomor 52 Tahun 2025 | I18: Supardi | J18: 082339169774 | K18: 3 Orang | L18: - | M18: Aktif (Kepengurusan Baru) | O18: =INDEX(desa!A:A,MATCH(C18,desa!B:B,0)) -> 8 | P18: BUMDes | Q18: =CONCATENATE("('",O18,";",B18,";",D18,";",I18,";",J18,";",K18,";",M18,";",P18,"'),") -> ('8;Saling Beme;2015;Supardi;082339169774;3 Orang;Aktif (Kepengurusan Baru) ;BUMDes'),
F19: Tanggal 02 Januari 2016 | H19: Tanggal 26 Juni 2025
A22: Deskripsi : Menurut Pasal 1 Ayat 6 UU No 6 Tahun 2014 tentang Desa, BUMDes adalah badan usaha desa yang dibuat atau didirikan oleh pemerintah desa, dimana pengelolaan serta kepemilikan modalnya di kelola bersama antara pemerintah desa dan masyarakat, namun penyertaan modalnya diutamakan dari desa, melalui penyertaan bersumber dari kekayaan desa yang dipisahkan, baik sebagian maupun seluruh dari jumlah modal yang diperlukan untuk mengoperasikan BUMDes
A24: Keterangan : Kolom yang di blok hijau merupakan area penerapan uji coba Kawal LPMD (Tiga Desa dengan status BUMDes yang aktif dan ada kegiatan usaha)

Sheet desa
A1: 1 | B1: Kiantar | C1: 6
A2: 2 | B2: Kokarlian | C2: 6
A3: 3 | B3: Mantar | C3: 6
A4: 4 | B4: Poto Tano | C4: 6
A5: 5 | B5: Senayan | C5: 6
A6: 6 | B6: Tambak Sari | C6: 6
A7: 7 | B7: Tebo | C7: 6
A8: 8 | B8: Tuananga | C8: 6
A9: 8 | B9: Tua nanga | C9: 6
A10: 6 | B10: upt Tambak Sari | C10: 6
