Workbook

Sheet PKK
A1: DATA KELEMBAGAAN PKK KECAMATAN POTO TANO TAHUN 2026
A2: No. | B2: Nama Desa | C2: Nama Tim Penggerak PKK | D2: Tahun Pembentukan | E2: SK Kepengurusan (yang berlaku saat ini) | F2: Tanggal SK | G2: Masa Bakti Kepengurusan | H2: Nama Ketua | I2: Nama Ketua Pokja I | J2: Nama Ketua Pokja II | K2: Nama Ketua Pokja III | L2: Nama ketua Pokja IV | M2: Jumlah Anggota Aktif | N2: Status Operasional Lembaga (Aktif/Tidak Aktif)
A3: 1 | B3: Senayan | C3: TP. PKK Desa Senayan | D3: 2019 | E3: SK Kepala Desa Senayan Nomor 09 Tahun 2020 | F3: 15 Januari 2020 | G3: Tahun 2019 - 2027 | H3: Hj. Tendri Emang | I3: Mita Ade Susantri | J3: Hartati, S.Pd.SD | K3: Asmawati, S.Pd | L3: Erhariani | M3: 42 Orang | N3: Aktif | O3: =INDEX(desa!A:A,MATCH(B3,desa!B:B,0)) -> 5 | P3: PKK | Q3: =CONCATENATE("('",O3,";",C3,";",D3,";",H3,";",M3,";",N3,";",P3,"'),") -> ('5;TP. PKK Desa Senayan;2019;Hj. Tendri Emang;42 Orang;Aktif;PKK'),
A4: 2 | B4: Mantar | C4: TP. PKK Desa Mantar | D4: 2020 | E4: SK Kepala Desa Mantar Nomor 35 Tahun 2026 | F4: 02 Januari 2026 | G4: Tahun 2019 - 2026 | H4: Jaswiah | I4: Hj. Atun | J4: Ayu Wandira | K4: Mega Sartika | L4: Ninda Yulistina | M4: 40 Orang | N4: Aktif | O4: =INDEX(desa!A:A,MATCH(B4,desa!B:B,0)) -> 3 | P4: PKK | Q4: =CONCATENATE("('",O4,";",C4,";",D4,";",H4,";",M4,";",N4,";",P4,"'),") -> ('3;TP. PKK Desa Mantar;2020;Jaswiah;40 Orang;Aktif;PKK'),
A5: 3 | B5: Kiantar | C5: TP. PKK Desa Kiantar | D5: 2020 | E5: SK Kepala Desa Kiantar Nomor 39 Tahun 2023 | F5: 21 Agustus 2023 | G5: Tahun 2019 - 2026 | H5: Robiah | I5: Ayu | J5: Maskendi | K5: Ninik Lestari | L5: Katmini, A.Md.Keb | M5: 41 Orang | N5: Aktif | O5: =INDEX(desa!A:A,MATCH(B5,desa!B:B,0)) -> 1 | P5: PKK | Q5: =CONCATENATE("('",O5,";",C5,";",D5,";",H5,";",M5,";",N5,";",P5,"'),") -> ('1;TP. PKK Desa Kiantar;2020;Robiah;41 Orang;Aktif;PKK'),
A6: 4 | B6: Poto Tano | C6: TP. PKK Desa Poto Tano | D6: 2023 | E6: SK Kepala Desa Poto Tano Nomor | G6: Tahun 2019 - 2026 | H6: Toni Karlina | N6: Aktif | O6: =INDEX(desa!A:A,MATCH(B6,desa!B:B,0)) -> 4 | P6: PKK | Q6: =CONCATENATE("('",O6,";",C6,";",D6,";",H6,";",M6,";",N6,";",P6,"'),") -> ('4;TP. PKK Desa Poto Tano;2023;Toni Karlina;;Aktif;PKK'),
A7: 5 | B7: UPT Tambak Sari | C7: TP. PKK Desa Tambak Sari | D7: 2019 | E7: SK Kepala Desa Tambak Sari Nomor 32 Tahun 2025 | F7: 02 Januari 2025 | G7: Tahun 2019 - 2026 | H7: Emi Suriani | I7: Endang Purnamasari | J7: Lili Suriani, S.Pd | K7: Supiati | L7: Yemi Maya S,A.Md.Keb | M7: 36 Orang | N7: Aktif | O7: =INDEX(desa!A:A,MATCH(B7,desa!B:B,0)) -> 6 | P7: PKK | Q7: =CONCATENATE("('",O7,";",C7,";",D7,";",H7,";",M7,";",N7,";",P7,"'),") -> ('6;TP. PKK Desa Tambak Sari;2019;Emi Suriani;36 Orang;Aktif;PKK'),
A8: 6 | B8: Kokarlian | C8: TP. PKK Desa Kokarlian | D8: 2019 | E8: SK Kepala Desa Kokarlian Nomor 06 tahun 2025 | F8: 02 Januari 2025 | G8: Tahun 2019 - 2026 | H8: Sri Yulianti | I8: Nuryanita, S.Pd | J8: Evi Adekayanti, S.Pd | K8: Sri Astuti | L8: Rosmaniar, A.Md.Keb | M8: 32 Orang | N8: Aktif | O8: =INDEX(desa!A:A,MATCH(B8,desa!B:B,0)) -> 2 | P8: PKK | Q8: =CONCATENATE("('",O8,";",C8,";",D8,";",H8,";",M8,";",N8,";",P8,"'),") -> ('2;TP. PKK Desa Kokarlian;2019;Sri Yulianti;32 Orang;Aktif;PKK'),
A9: 7 | B9: Tebo | C9: TP. PKK Desa Tebo | D9: 2019 | E9: SK Kepala Desa Tebo Nomor Tahun 2025 | F9: 14 Februari 2025 | G9: Tahun 2019 - 2026 | H9: Ida Husnianti | I9: Kusnarti | J9: Elvi | K9: Nurhidayanti | L9: Atmi Nurhayati | M9: 45 Orang | N9: Aktif | O9: =INDEX(desa!A:A,MATCH(B9,desa!B:B,0)) -> 7 | P9: PKK | Q9: =CONCATENATE("('",O9,";",C9,";",D9,";",H9,";",M9,";",N9,";",P9,"'),") -> ('7;TP. PKK Desa Tebo;2019;Ida Husnianti;45 Orang;Aktif;PKK'),
A10: 8 | B10: Tua Nanga | C10: TP. PKK Desa Tua Nanga | D10: 2019 | E10: SK Kepala Desa Tua Nanga Nomor 25 Tahun 2025 | F10: 08 Januari 2025 | G10: Tahun 2019 - 2026 | H10: Hasni | I10: Rusmiati | J10: Salmawati | K10: Tiomor Yati | L10: Ira Maya Lestari, A.Md.Keb | M10: 39 orang | N10: Aktif | O10: =INDEX(desa!A:A,MATCH(B10,desa!B:B,0)) -> 8 | P10: PKK | Q10: =CONCATENATE("('",O10,";",C10,";",D10,";",H10,";",M10,";",N10,";",P10,"'),") -> ('8;TP. PKK Desa Tua Nanga;2019;Hasni;39 orang;Aktif;PKK'),

Sheet Posyandu
A1: DATA KELEMBAGAAN POSYANDU SE-KECAMATAN POTO TANO TAHUN 2026
A3: No. | B3: Desa | C3: Nama Posyandu | D3: Lokasi/Dusun | E3: Tahun Pembentukan | F3: SK Kepengurusan (yang berlaku saat ini) | G3: Tanggal SK Kepengurusan | H3: Nama Ketua Posyandu | I3: Jumlah Pengurus/Kader | J3: Status Operasinal (Aktif/Tidak Aktif) | K3: Keterangan
A4: 1 | B4: Senayan | C4: Kamboja | D4: Dsn. Ai' Olat | F4: SK Kepala Desa Senayan No.18 Tahun 2026 | G4: 02 Januari 2026 | H4: Nabila Hani | I4: 8 Orang | J4: Aktif | L4: =INDEX(desa!A:A,MATCH(B4,desa!B:B,0)) -> 5 | M4: Posyandu | N4: =CONCATENATE("('",L4,";",C4,";",D4,";",H4,";",I4,";",J4,";",M4,"'),") -> ('5;Kamboja;Dsn. Ai' Olat;Nabila Hani;8 Orang;Aktif;Posyandu'),
A5: 2 | B5: Senayan | C5: Mawar Putih | D5: Dsn. Senayan Atas | F5: SK Kepala Desa Senayan No.18 Tahun 2026 | G5: 02 Januari 2026 | H5: Sartika | I5: 8 Orang | J5: Aktif | L5: =INDEX(desa!A:A,MATCH(B5,desa!B:B,0)) -> 5 | M5: Posyandu | N5: =CONCATENATE("('",L5,";",C5,";",D5,";",H5,";",I5,";",J5,";",M5,"'),") -> ('5;Mawar Putih;Dsn. Senayan Atas;Sartika;8 Orang;Aktif;Posyandu'),
A6: 3 | B6: Senayan | C6: Mawar Merah | D6: Dsn. Senayan Bawah | F6: SK Kepala Desa Senayan No.18 Tahun 2026 | G6: 02 Januari 2026 | H6: Muliati | I6: 8 Orang | J6: Aktif | L6: =INDEX(desa!A:A,MATCH(B6,desa!B:B,0)) -> 5 | M6: Posyandu | N6: =CONCATENATE("('",L6,";",C6,";",D6,";",H6,";",I6,";",J6,";",M6,"'),") -> ('5;Mawar Merah;Dsn. Senayan Bawah;Muliati;8 Orang;Aktif;Posyandu'),
A7: 4 | B7: Senayan | C7: Cempaka | D7: Dsn. Jembatang Kemar | F7: SK Kepala Desa Senayan No.18 Tahun 2026 | G7: 02 Januari 2026 | H7: Nuryani | I7: 10 Orang | J7: Aktif | L7: =INDEX(desa!A:A,MATCH(B7,desa!B:B,0)) -> 5 | M7: Posyandu | N7: =CONCATENATE("('",L7,";",C7,";",D7,";",H7,";",I7,";",J7,";",M7,"'),") -> ('5;Cempaka;Dsn. Jembatang Kemar;Nuryani;10 Orang;Aktif;Posyandu'),
A8: 5 | B8: Mantar | C8: TP. Posyandu Tulip | D8: Dsn. Mantar | F8: SK Kepala Desa Mantar Nomor 100.3.3.2.24 Tahun 2026 | G8: 05 Januari 2026 | H8: Roy Rada | I8: 15 Orang | J8: Aktif | L8: =INDEX(desa!A:A,MATCH(B8,desa!B:B,0)) -> 3 | M8: Posyandu | N8: =CONCATENATE("('",L8,";",C8,";",D8,";",H8,";",I8,";",J8,";",M8,"'),") -> ('3;TP. Posyandu Tulip;Dsn. Mantar;Roy Rada;15 Orang;Aktif;Posyandu'),
A9: 6 | B9: Mantar | C9: TP. Posyandu Melati | D9: Dsn. Omal sapa | F9: SK Kepala Desa Mantar Nomor 100.3.3.2.09 Tahun 2026 | G9: 05 Januari 2026 | H9: Sanapiah | I9: 15 Orang | J9: Aktif | L9: =INDEX(desa!A:A,MATCH(B9,desa!B:B,0)) -> 3 | M9: Posyandu | N9: =CONCATENATE("('",L9,";",C9,";",D9,";",H9,";",I9,";",J9,";",M9,"'),") -> ('3;TP. Posyandu Melati;Dsn. Omal sapa;Sanapiah;15 Orang;Aktif;Posyandu'),
A10: 7 | B10: Kiantar | C10: Teratai | D10: Dsn. Sagena | F10: SK Kepala Desa Kiantar No. 07 Tahun 2025 | G10: 06 Januari 2026 | H10: Ida Elisah | I10: 8 Orang | J10: Aktif | L10: =INDEX(desa!A:A,MATCH(B10,desa!B:B,0)) -> 1 | M10: Posyandu | N10: =CONCATENATE("('",L10,";",C10,";",D10,";",H10,";",I10,";",J10,";",M10,"'),") -> ('1;Teratai;Dsn. Sagena;Ida Elisah;8 Orang;Aktif;Posyandu'),
A11: 8 | B11: Kiantar | C11: Flamboyan | D11: Dsn. Kuang Busir | F11: SK Kepala Desa Kiantar No. 07 Tahun 2025 | G11: 06 Januari 2026 | H11: Hernawati | I11: 9 Orang | J11: Aktif | L11: =INDEX(desa!A:A,MATCH(B11,desa!B:B,0)) -> 1 | M11: Posyandu | N11: =CONCATENATE("('",L11,";",C11,";",D11,";",H11,";",I11,";",J11,";",M11,"'),") -> ('1;Flamboyan;Dsn. Kuang Busir;Hernawati;9 Orang;Aktif;Posyandu'),
A12: 9 | B12: Poto Tano | C12: TP. Posyandu Tingkat Desa Poto Tano | D12: Desa Poto Tano | F12: SK Kepala Desa Poto Tano No. 02 Tahun 2026 | G12: 03 Januari 2026 | H12: Toni Karlina | I12: 15 Orang | J12: Aktif | L12: =INDEX(desa!A:A,MATCH(B12,desa!B:B,0)) -> 4 | M12: Posyandu | N12: =CONCATENATE("('",L12,";",C12,";",D12,";",H12,";",I12,";",J12,";",M12,"'),") -> ('4;TP. Posyandu Tingkat Desa Poto Tano;Desa Poto Tano;Toni Karlina;15 Orang;Aktif;Posyandu'),
A13: 10 | B13: Poto Tano | C13: TP. Posyandu Sedap Malam A | D13: Dsn. Poto Tano A | F13: SK Kepala Desa Poto Tano No. 02.b Tahun 2026 | G13: 03 Januari 2026 | H13: Abdul Kadir | I13: 15 Orang | J13: Aktif | L13: =INDEX(desa!A:A,MATCH(B13,desa!B:B,0)) -> 4 | M13: Posyandu | N13: =CONCATENATE("('",L13,";",C13,";",D13,";",H13,";",I13,";",J13,";",M13,"'),") -> ('4;TP. Posyandu Sedap Malam A;Dsn. Poto Tano A;Abdul Kadir;15 Orang;Aktif;Posyandu'),
A14: 11 | B14: Poto Tano | C14: TP. Posyandu Sedap Malam B | D14: Dsn. Poto Tano B | F14: SK Kepala Desa Poto Tano No. 02.c Tahun 2026 | G14: 03 Januari 2026 | H14: Ismail | I14: 15 Orang | J14: Aktif | L14: =INDEX(desa!A:A,MATCH(B14,desa!B:B,0)) -> 4 | M14: Posyandu | N14: =CONCATENATE("('",L14,";",C14,";",D14,";",H14,";",I14,";",J14,";",M14,"'),") -> ('4;TP. Posyandu Sedap Malam B;Dsn. Poto Tano B;Ismail;15 Orang;Aktif;Posyandu'),
A15: 12 | B15: Poto Tano | C15: Pasir Putih | D15: Dsn. Pinamin | F15: SK Kepala Desa Poto Tano No. 02.a Tahun 2026 | G15: 03 Januari 2026 | H15: Kamaruddin | I15: 15 Orang | J15: Aktif | L15: =INDEX(desa!A:A,MATCH(B15,desa!B:B,0)) -> 4 | M15: Posyandu | N15: =CONCATENATE("('",L15,";",C15,";",D15,";",H15,";",I15,";",J15,";",M15,"'),") -> ('4;Pasir Putih;Dsn. Pinamin;Kamaruddin;15 Orang;Aktif;Posyandu'),
A16: 13 | B16: UPT Tambak Sari | C16: Bougenville A | D16: Dsn. Tambak Sari | F16: SK Kepala Desa Tambak Sari No. 14 Tahun 2026 | G16: 02 Januari 2026 | H16: Marnah | I16: 10 Orang | J16: Aktif | L16: =INDEX(desa!A:A,MATCH(B16,desa!B:B,0)) -> 6 | M16: Posyandu | N16: =CONCATENATE("('",L16,";",C16,";",D16,";",H16,";",I16,";",J16,";",M16,"'),") -> ('6;Bougenville A;Dsn. Tambak Sari;Marnah;10 Orang;Aktif;Posyandu'),
A17: 14 | B17: UPT Tambak Sari | C17: Bougenville B | D17: Dsn. Tambak Sari | F17: SK Kepala Desa Tambak Sari No. 15 Tahun 2026 | G17: 02 Januari 2026 | H17: Nurhasanah | J17: Aktif | L17: =INDEX(desa!A:A,MATCH(B17,desa!B:B,0)) -> 6 | M17: Posyandu | N17: =CONCATENATE("('",L17,";",C17,";",D17,";",H17,";",I17,";",J17,";",M17,"'),") -> ('6;Bougenville B;Dsn. Tambak Sari;Nurhasanah;;Aktif;Posyandu'),
A18: 15 | B18: Kokarlian | C18: Asoka | D18: Dsn. Kokarlian | F18: SK Kepala Desa Kokarlian No. 01 Tahun 2025 | G18: 02 Januari 2025 | H18: Siti Aminah | I18: 7 Orang | J18: Aktif | L18: =INDEX(desa!A:A,MATCH(B18,desa!B:B,0)) -> 2 | M18: Posyandu | N18: =CONCATENATE("('",L18,";",C18,";",D18,";",H18,";",I18,";",J18,";",M18,"'),") -> ('2;Asoka;Dsn. Kokarlian;Siti Aminah;7 Orang;Aktif;Posyandu'),
A19: 20 | B19: Kokarlian | C19: Sakura | D19: Dsn. Daya Makmur | F19: SK Kepala Desa Kokarlian No. 01 Tahun 2025 | G19: 02 Januari 2025 | H19: Sri Wahyuni | I19: 6 Orang | J19: Aktif | L19: =INDEX(desa!A:A,MATCH(B19,desa!B:B,0)) -> 2 | M19: Posyandu | N19: =CONCATENATE("('",L19,";",C19,";",D19,";",H19,";",I19,";",J19,";",M19,"'),") -> ('2;Sakura;Dsn. Daya Makmur;Sri Wahyuni;6 Orang;Aktif;Posyandu'),
A20: 16 | B20: Kokarlian | C20: Dahlia | D20: Dsn. Daya Makmur | F20: SK Kepala Desa Kokarlian No. 01 Tahun 2025 | G20: 02 Januari 2025 | H20: Fitria Ningsih | I20: 6 Orang | J20: Aktif | L20: =INDEX(desa!A:A,MATCH(B20,desa!B:B,0)) -> 2 | M20: Posyandu | N20: =CONCATENATE("('",L20,";",C20,";",D20,";",H20,";",I20,";",J20,";",M20,"'),") -> ('2;Dahlia;Dsn. Daya Makmur;Fitria Ningsih;6 Orang;Aktif;Posyandu'),
A21: 18 | B21: Kokarlian | C21: Edelwais | D21: Dsn. Budisari | F21: SK Kepala Desa Kokarlian No. 01 Tahun 2025 | G21: 02 Januari 2025 | H21: Ni Nyoman Sumiani | I21: 6 Orang | J21: Aktif | L21: =INDEX(desa!A:A,MATCH(B21,desa!B:B,0)) -> 2 | M21: Posyandu | N21: =CONCATENATE("('",L21,";",C21,";",D21,";",H21,";",I21,";",J21,";",M21,"'),") -> ('2;Edelwais;Dsn. Budisari;Ni Nyoman Sumiani;6 Orang;Aktif;Posyandu'),
A22: 19 | B22: Kokarlian | C22: Seroja | D22: Dsn. Samarekat | F22: SK Kepala Desa Kokarlian No. 01 Tahun 2025 | G22: 02 Januari 2025 | H22: Ni Made Ayu Mantini | I22: 6 Orang | J22: Aktif | L22: =INDEX(desa!A:A,MATCH(B22,desa!B:B,0)) -> 2 | M22: Posyandu | N22: =CONCATENATE("('",L22,";",C22,";",D22,";",H22,";",I22,";",J22,";",M22,"'),") -> ('2;Seroja;Dsn. Samarekat;Ni Made Ayu Mantini;6 Orang;Aktif;Posyandu'),
A23: 17 | B23: Kokarlian | C23: Matahari | D23: Dsn. Samarekat | F23: SK Kepala Desa Kokarlian No. 01 Tahun 2025 | G23: 02 Januari 2025 | H23: Nyoman Irayani | I23: 6 Orang | J23: Aktif | L23: =INDEX(desa!A:A,MATCH(B23,desa!B:B,0)) -> 2 | M23: Posyandu | N23: =CONCATENATE("('",L23,";",C23,";",D23,";",H23,";",I23,";",J23,";",M23,"'),") -> ('2;Matahari;Dsn. Samarekat;Nyoman Irayani;6 Orang;Aktif;Posyandu'),
A24: 21 | B24: Tebo | C24: Posyandu Delima A | D24: Dsn. Balaman Permai | F24: SK Kepala Desa Tebo Nomor 56 Tahun 2025 | G24: 24 Sept. 2025 | H24: Syafruddin | I24: 15 Orang | J24: Aktif | K24: - | L24: =INDEX(desa!A:A,MATCH(B24,desa!B:B,0)) -> 7 | M24: Posyandu | N24: =CONCATENATE("('",L24,";",C24,";",D24,";",H24,";",I24,";",J24,";",M24,"'),") -> ('7;Posyandu Delima A;Dsn. Balaman Permai;Syafruddin;15 Orang;Aktif;Posyandu'),
A25: 22 | B25: Tebo | C25: Posyandu Delima B | D25: Dsn. Balaman Permai | F25: SK Kepala Desa Tebo Nomor 10 Tahun 2025 | G25: 03 Januari 2025 | H25: Suharni | I25: 10 Orang | J25: Aktif | K25: - | L25: =INDEX(desa!A:A,MATCH(B25,desa!B:B,0)) -> 7 | M25: Posyandu | N25: =CONCATENATE("('",L25,";",C25,";",D25,";",H25,";",I25,";",J25,";",M25,"'),") -> ('7;Posyandu Delima B;Dsn. Balaman Permai;Suharni;10 Orang;Aktif;Posyandu'),
A26: 23 | B26: Tuananga | C26: Anggrek Ungu | D26: Dsn. Tua Nanga | F26: SK Kepala Desa Tua Nanga Nomor 05 Tahun 2026 | G26: 08 Januari 2026 | H26: Fatih Anggaraini | I26: 5 Orang | J26: Aktif | L26: =INDEX(desa!A:A,MATCH(B26,desa!B:B,0)) -> 8 | M26: Posyandu | N26: =CONCATENATE("('",L26,";",C26,";",D26,";",H26,";",I26,";",J26,";",M26,"'),") -> ('8;Anggrek Ungu;Dsn. Tua Nanga;Fatih Anggaraini;5 Orang;Aktif;Posyandu'),
A27: 24 | B27: Tuananga | C27: Anggrek Putih | D27: Dsn. Bage Manis | F27: SK Kepala Desa Tua Nanga Nomor 05 Tahun 2026 | G27: 08 Januari 2026 | H27: Rusmiati | I27: 5 Orang | J27: Aktif | L27: =INDEX(desa!A:A,MATCH(B27,desa!B:B,0)) -> 8 | M27: Posyandu | N27: =CONCATENATE("('",L27,";",C27,";",D27,";",H27,";",I27,";",J27,";",M27,"'),") -> ('8;Anggrek Putih;Dsn. Bage Manis;Rusmiati;5 Orang;Aktif;Posyandu'),
A28: 25 | B28: Tuananga | C28: Kemang Kele | D28: Dsn. Bangka Bela | F28: SK Kepala Desa Tua Nanga Nomor 05 Tahun 2026 | G28: 08 Januari 2026 | H28: Nurmawati | I28: 5 Orang | J28: Aktif | L28: =INDEX(desa!A:A,MATCH(B28,desa!B:B,0)) -> 8 | M28: Posyandu | N28: =CONCATENATE("('",L28,";",C28,";",D28,";",H28,";",I28,";",J28,";",M28,"'),") -> ('8;Kemang Kele;Dsn. Bangka Bela;Nurmawati;5 Orang;Aktif;Posyandu'),

Sheet Karang Taruna
A1: DATA KELEMBAGAAN KARANG TARUNA KECAMATAN POTO TANO
A2: No | B2: Nama Desa | C2: Nama Karang Taruna | D2: Tahun Pembentukan | E2: SK Kepengurusan (yang berlaku saat ini) | F2: Tanggal SK Kepengurusan | G2: Periode kepengurusan | H2: Nama Ketua | I2: Jumlah Pengurus | J2: Jenis Kegiatan | K2: Status Operasional kegiatan (Aktif/Tidak Aktif)
A4: 1 | B4: Senayan | C4: Batu Wali | D4: 2018 | E4: SK Kepala Desa Senayan Nomor 16c Tahun 2021 | F4: 10 Januari 2021 | G4: Th. 2021 s/d 2027 | H4: Khairul Rijal A. Malik. A.Md | I4: 13 Orang | J4: Olahraga, Sosial, Seni Budaya, Keagamaan dan Pemberdayaan Perempuan | K4: Aktif | M4: =INDEX(desa!A:A,MATCH(B4,desa!B:B,0)) -> 5 | N4: Karang Taruna | O4: =CONCATENATE("('",M4,";",C4,";",D4,";",H4,";",I4,";",K4,";",N4,"'),") -> ('5;Batu Wali;2018;Khairul Rijal A. Malik. A.Md;13 Orang;Aktif;Karang Taruna'),
A5: 2 | B5: Mantar | C5: Angin Renas Gunung Mantar (ARGM) | D5: 2019 | E5: SK Kepala Desa Mantar Nomor 33 Tahun 2026 | F5: 01 Februari 2026 | H5: Burhanuddin | I5: 21 Orang | J5: Olahraga, Sosial dan Budaya | K5: Aktif | M5: =INDEX(desa!A:A,MATCH(B5,desa!B:B,0)) -> 3 | N5: Karang Taruna | O5: =CONCATENATE("('",M5,";",C5,";",D5,";",H5,";",I5,";",K5,";",N5,"'),") -> ('3;Angin Renas Gunung Mantar (ARGM);2019;Burhanuddin;21 Orang;Aktif;Karang Taruna'),
A6: 3 | B6: Kiantar | C6: Basema Kiantar | D6: 2020 | E6: SK Kepala Desa Kiantar Nomor 39 Tahun 2023 | F6: 21 Agustus 2023 | I6: 26 Orang | J6: Olahraga, Seni Budaya dan Keagamaan | K6: Aktif | M6: =INDEX(desa!A:A,MATCH(B6,desa!B:B,0)) -> 1 | N6: Karang Taruna | O6: =CONCATENATE("('",M6,";",C6,";",D6,";",H6,";",I6,";",K6,";",N6,"'),") -> ('1;Basema Kiantar;2020;;26 Orang;Aktif;Karang Taruna'),
A7: 4 | B7: Poto Tano | C7: Karang Taruna Desa Poto Tano | D7: 2020 | E7: SK Kepala Desa Poto Tano Nomor 03 Tahun 2026 | F7: 04 Januari 2026 | H7: Mustar | I7: 31 Orang | J7: Olahraga, Seni Budaya dan Keagamaan, | K7: Aktif | M7: =INDEX(desa!A:A,MATCH(B7,desa!B:B,0)) -> 4 | N7: Karang Taruna | O7: =CONCATENATE("('",M7,";",C7,";",D7,";",H7,";",I7,";",K7,";",N7,"'),") -> ('4;Karang Taruna Desa Poto Tano;2020;Mustar;31 Orang;Aktif;Karang Taruna'),
A8: 5 | B8: UPT Tambak Sari | C8: Detari | D8: 2024 | E8: SK Kepala Desa Tambak Sari Nomor 35.2 Tahun 2024 | F8: 02 Januari 2024 | G8: Th. 2024 s/d 2029 | H8: Miftah Sholihin, S.Pd | I8: 24 Orang | J8: Sosial Kemasyarakatan, keagaman, olahraga dan seni budaya | K8: Aktif | M8: =INDEX(desa!A:A,MATCH(B8,desa!B:B,0)) -> 6 | N8: Karang Taruna | O8: =CONCATENATE("('",M8,";",C8,";",D8,";",H8,";",I8,";",K8,";",N8,"'),") -> ('6;Detari;2024;Miftah Sholihin, S.Pd;24 Orang;Aktif;Karang Taruna'),
A9: 6 | B9: Kokarlian | C9: Nusantara | D9: 2020 | H9: Amirollah | I9: 25 Orang | J9: Olahraga, Seni Budaya dan Keagamaan | K9: Aktif | M9: =INDEX(desa!A:A,MATCH(B9,desa!B:B,0)) -> 2 | N9: Karang Taruna | O9: =CONCATENATE("('",M9,";",C9,";",D9,";",H9,";",I9,";",K9,";",N9,"'),") -> ('2;Nusantara;2020;Amirollah;25 Orang;Aktif;Karang Taruna'),
A10: 7 | B10: Tebo | C10: Gerakan Pemuda Bersatu | D10: 2023 | E10: SK Kepala Desa Tebo Nomor 44 Tahun 2023 | F10: 14 Februari 2023 | H10: Sudarmono | I10: 11 Orang | J10: Olahraga, Seni Budaya dan Keagamaan | K10: Aktif | M10: =INDEX(desa!A:A,MATCH(B10,desa!B:B,0)) -> 7 | N10: Karang Taruna | O10: =CONCATENATE("('",M10,";",C10,";",D10,";",H10,";",I10,";",K10,";",N10,"'),") -> ('7;Gerakan Pemuda Bersatu;2023;Sudarmono;11 Orang;Aktif;Karang Taruna'),
A11: 8 | B11: Tua Nanga | C11: Karang Taruna Desa Tua Nanga | D11: 2020 | E11: SK Kepal Desa Tua Nanga Nomor 20 Tahun 2025 | F11: 08 Januari 2025 | G11: Th. 2019 s/d 2025 | H11: Syamsul | I11: 14 Orang | J11: Olahraga dan Kesenian, Ekonomi Produktif, Keagamaan dan Pemberdayaan Perempuan | K11: Aktif | M11: =INDEX(desa!A:A,MATCH(B11,desa!B:B,0)) -> 8 | N11: Karang Taruna | O11: =CONCATENATE("('",M11,";",C11,";",D11,";",H11,";",I11,";",K11,";",N11,"'),") -> ('8;Karang Taruna Desa Tua Nanga;2020;Syamsul;14 Orang;Aktif;Karang Taruna'),

Sheet KDMP
A1: DATA KELEMBAGAAN KOPERASI DESA MERAH PUTIH KECAMATAN POTOTANO
A2: No. | B2: Desa | C2: Nama Lembaga | D2: Tahun Pembentukan | E2: Dokumen Legalitas (Berita Acara/SK) | F2: Tanggal dan Tahun (Berita Acara/SK) | G2: Nama Ketua/Pimpinan | H2: Jumlah Pengurus | I2: Nama Ketua/Pimpinan Dewan Pengawas | J2: Jumlah Dewan Pengawas | K2: Periode Kepengurusan | L2: Jumlah Anggota KDMP | M2: Usaha yang berjalan saat ini | N2: Keterangan Operasional Usaha
A3: 1 | B3: Senayan | C3: KDMP Senayan | D3: 2025 | E3: Berita Acara Rapat Pendirian KDMP Senayan, Nomor:- | F3: 27 Mei 2025 | G3: Jumaher | H3: 5 Orang | I3: H. Junaidi | J3: 3 Orang | K3: Th. 2025 - 2029 | L3: 34 Orang | N3: Belum Beroperasi | P3: =INDEX(desa!A:A,MATCH(B3,desa!B:B,0)) -> 5 | Q3: KDMP | R3: =CONCATENATE("('",P3,";",C3,";",D3,";",G3,";",H3,";",N3,";",Q3,"'),") -> ('5;KDMP Senayan;2025;Jumaher;5 Orang;Belum Beroperasi;KDMP'),
A4: 2 | B4: Mantar | C4: KDMP Mantar | D4: 2025 | E4: Berita Acara Rapat pendirian KDMP Mantar, Nomor:- | F4: 28 Mei 2025 | G4: Darwin | H4: 5 Orang | I4: Asmono | J4: 3 Orang | K4: Th. 2025 - 2030 | L4: 50 Orang | M4: - | N4: Belum Beroperasi | P4: =INDEX(desa!A:A,MATCH(B4,desa!B:B,0)) -> 3 | Q4: KDMP | R4: =CONCATENATE("('",P4,";",C4,";",D4,";",G4,";",H4,";",N4,";",Q4,"'),") -> ('3;KDMP Mantar;2025;Darwin;5 Orang;Belum Beroperasi;KDMP'),
A5: 3 | B5: Kiantar | C5: KDMP Kiantar | D5: 2025 | E5: - | G5: Muhammad Sidik | H5: 5 Orang | I5: Hasubullah | J5: 3 Orang | K5: Th. 2025 - 2030 | M5: - | N5: Belum Beroperasi | P5: =INDEX(desa!A:A,MATCH(B5,desa!B:B,0)) -> 1 | Q5: KDMP | R5: =CONCATENATE("('",P5,";",C5,";",D5,";",G5,";",H5,";",N5,";",Q5,"'),") -> ('1;KDMP Kiantar;2025;Muhammad Sidik;5 Orang;Belum Beroperasi;KDMP'),
A6: 4 | B6: Poto Tano | C6: KDMP Poto Tano | D6: 2025 | E6: Berita Acara Rapat pendirian KDMP Poto Tano, Nomor: 500.16.3.4/195/V/2025 | F6: 20 Mei 2025 | G6: A Karim | H6: 5 Orang | J6: 3 Orang | K6: Th. 2025 - 2030 | L6: - | N6: Belum Beroperasi | P6: =INDEX(desa!A:A,MATCH(B6,desa!B:B,0)) -> 4 | Q6: KDMP | R6: =CONCATENATE("('",P6,";",C6,";",D6,";",G6,";",H6,";",N6,";",Q6,"'),") -> ('4;KDMP Poto Tano;2025;A Karim;5 Orang;Belum Beroperasi;KDMP'),
A7: 5 | B7: UPT Tambak Sari | C7: KDMP Tambak Sari | D7: 2025 | E7: SK Kepala Desa Tambak Sari Nomor 46 Tahun 2025 | F7: 21 Mei 2025 | G7: Ir. Ofik Muslim | H7: 5 orang | J7: 3 Orang | K7: Th. 2025 - 2030 | N7: Belum Beroperasi | P7: =INDEX(desa!A:A,MATCH(B7,desa!B:B,0)) -> 6 | Q7: KDMP | R7: =CONCATENATE("('",P7,";",C7,";",D7,";",G7,";",H7,";",N7,";",Q7,"'),") -> ('6;KDMP Tambak Sari;2025;Ir. Ofik Muslim;5 orang;Belum Beroperasi;KDMP'),
A8: 6 | B8: Kokarlian | C8: KDMP Kokarlian | D8: 2026 | E8: Berita Acara MUSDES Pendirian KDMP Kokarlian, Nomor:- | F8: 28 Mei 2025 | G8: Syamsuddin | H8: 3 Orang | I8: Anasrullah | J8: 3 Orang | K8: Th. 2025 - 2030 | L8: 40 Orang | N8: Belum Beroperasi | P8: =INDEX(desa!A:A,MATCH(B8,desa!B:B,0)) -> 2 | Q8: KDMP | R8: =CONCATENATE("('",P8,";",C8,";",D8,";",G8,";",H8,";",N8,";",Q8,"'),") -> ('2;KDMP Kokarlian;2026;Syamsuddin;3 Orang;Belum Beroperasi;KDMP'),
A9: 7 | B9: Tebo | C9: KDMP Tebo | D9: 2025 | E9: - | G9: Adam | J9: 3 Orang | K9: Th. 2025 - 2030 | N9: Belum Beroperasi | P9: =INDEX(desa!A:A,MATCH(B9,desa!B:B,0)) -> 7 | Q9: KDMP | R9: =CONCATENATE("('",P9,";",C9,";",D9,";",G9,";",H9,";",N9,";",Q9,"'),") -> ('7;KDMP Tebo;2025;Adam;;Belum Beroperasi;KDMP'),
A10: 8 | B10: Tua Nanga | C10: KDMP Tua Nanga | D10: 2025 | E10: SK Kepala Desa Tua Nanga Nomor Tahun 2025 | G10: Jabarno | H10: 8 Orang | I10: Hamzah | J10: 3 Orang | K10: Th. 2025 - 2028 | L10: - | M10: - | N10: Belum Beroperasi | P10: =INDEX(desa!A:A,MATCH(B10,desa!B:B,0)) -> 8 | Q10: KDMP | R10: =CONCATENATE("('",P10,";",C10,";",D10,";",G10,";",H10,";",N10,";",Q10,"'),") -> ('8;KDMP Tua Nanga;2025;Jabarno;8 Orang;Belum Beroperasi;KDMP'),

Sheet LAT
A1: DATA KELEMBAGAAN KARANG TARUNA KECAMATAN POTO TANO
A2: No | B2: Nama Desa | C2: Nama Lembaga | D2: Tahun Pembentukan | E2: SK Kepengurusan (yang berlaku saat ini) | F2: Tanggal SK Kepengurusan | G2: Periode kepengurusan | H2: Nama Ketua | I2: Jumlah Pengurus | J2: Jenis Kegiatan | K2: Status Operasional kegiatan (Aktif/Tidak Aktif)
A4: 1 | B4: Senayan | C4: Lembaga Adat Tana Samawa (LATS) Desa Senayan | D4: 2023 | E4: SK Kepala Desa Senayan Nomor 17 Tahun 2025 | F4: 2 Januari 2025 | G4: 2025 s/d 2027 | H4: Jafar, S.Pd | I4: 8 Orang | J4: Pelestarian Adat istiadat, seni dan budaya Tana Samawa | K4: Aktif | M4: =INDEX(desa!A:A,MATCH(B4,desa!B:B,0)) -> 5 | N4: LAT | O4: =CONCATENATE("('",M4,";",C4,";",D4,";",H4,";",I4,";",K4,";",N4,"'),") -> ('5;Lembaga Adat Tana Samawa (LATS) Desa Senayan;2023;Jafar, S.Pd;8 Orang;Aktif;LAT'),
A5: 2 | B5: Mantar | K5: Aktif | M5: =INDEX(desa!A:A,MATCH(B5,desa!B:B,0)) -> 3 | N5: LAT | O5: =CONCATENATE("('",M5,";",C5,";",D5,";",H5,";",I5,";",K5,";",N5,"'),") -> ('3;;;;;Aktif;LAT'),
A6: 3 | B6: Kiantar | C6: Lembaga Adat Tana Samawa (LATS) Desa Kiantar | D6: 2023 | E6: SK Kepala Desa Kiantar : 10-a/LATS-KIANTAR/2023-1444H | F6: 20 Februari 2023 | G6: 2023 s/d 2028 | H6: Abdullah | I6: 42 Orang | J6: Pelestarian Adat istiadat, seni dan budaya Tana Samawa | K6: Aktif | M6: =INDEX(desa!A:A,MATCH(B6,desa!B:B,0)) -> 1 | N6: LAT | O6: =CONCATENATE("('",M6,";",C6,";",D6,";",H6,";",I6,";",K6,";",N6,"'),") -> ('1;Lembaga Adat Tana Samawa (LATS) Desa Kiantar;2023;Abdullah;42 Orang;Aktif;LAT'),
A7: 4 | B7: Poto Tano | K7: Aktif | M7: =INDEX(desa!A:A,MATCH(B7,desa!B:B,0)) -> 4 | N7: LAT | O7: =CONCATENATE("('",M7,";",C7,";",D7,";",H7,";",I7,";",K7,";",N7,"'),") -> ('4;;;;;Aktif;LAT'),
A8: 5 | B8: UPT Tambak Sari | C8: Lembaga Adat Desa Desa Tambak Sari | D8: 2023 | E8: SK Kepala Desa Tambak Sari Nomor 19 Tahun 2026 | F8: 02 Januari 2026 | G8: 2023 s/d 2028 | H8: Drs. Agus Salim | I8: 3 Orang | J8: Pelestarian Adat istiadat, seni dan budaya Tana Samawa | M8: =INDEX(desa!A:A,MATCH(B8,desa!B:B,0)) -> 6 | N8: LAT | O8: =CONCATENATE("('",M8,";",C8,";",D8,";",H8,";",I8,";",K8,";",N8,"'),") -> ('6;Lembaga Adat Desa Desa Tambak Sari;2023;Drs. Agus Salim;3 Orang;;LAT'),
A9: 6 | B9: Kokarlian | M9: =INDEX(desa!A:A,MATCH(B9,desa!B:B,0)) -> 2 | N9: LAT | O9: =CONCATENATE("('",M9,";",C9,";",D9,";",H9,";",I9,";",K9,";",N9,"'),") -> ('2;;;;;;LAT'),
A10: 7 | B10: Tebo | M10: =INDEX(desa!A:A,MATCH(B10,desa!B:B,0)) -> 7 | N10: LAT | O10: =CONCATENATE("('",M10,";",C10,";",D10,";",H10,";",I10,";",K10,";",N10,"'),") -> ('7;;;;;;LAT'),
A11: 8 | B11: Tua Nanga | C11: Lembaga Adat Desa Tua Nanga | D11: 2023 | E11: SK Kepala Desa Tua Nanga Nomor 26 Tahun 2025 | J11: Pelestarian Adat istiadat, seni dan budaya Tana Samawa | K11: Aktif | M11: =INDEX(desa!A:A,MATCH(B11,desa!B:B,0)) -> 8 | N11: LAT | O11: =CONCATENATE("('",M11,";",C11,";",D11,";",H11,";",I11,";",K11,";",N11,"'),") -> ('8;Lembaga Adat Desa Tua Nanga;2023;;;Aktif;LAT'),

Sheet desa
A1: 1 | B1: Kiantar | C1: 6
A2: 2 | B2: Kokarlian | C2: 6
A3: 3 | B3: Mantar | C3: 6
A4: 4 | B4: Poto Tano | C4: 6
A5: 5 | B5: Senayan | C5: 6
A6: 6 | B6: Tambak Sari | C6: 6
A7: 7 | B7: Tebo | C7: 6
A8: 8 | B8: Tuananga | C8: 6
A9: 8 | B9: Tua nanga | C9: 6
A10: 6 | B10: upt Tambak Sari | C10: 6
